id,start,end,OG
CP083911.1_1,125,1579,COG0593
CP083911.1_2,1586,2692,COG0592
CP083911.1_3,2692,5283,COG0187
CP083911.1_4,5366,6925,COG1672
CP083911.1_5,7137,8120,COG0320
CP083911.1_6,8153,8824,COG0321
CP083911.1_7,8821,9090,COG2921
CP083911.1_8,9244,9810,COG3312
CP083911.1_9,9845,10723,COG0356
CP083911.1_10,10770,11015,COG0636
CP083911.1_11,11132,11602,COG0711
CP083911.1_12,11636,12166,COG0712
CP083911.1_13,12214,13770,COG0056
CP083911.1_14,13800,14669,COG0224
CP083911.1_15,14718,16127,COG0055
CP083911.1_16,16254,16670,COG0355
CP083911.1_17,16700,17821,COG0429
CP083911.1_18,17856,18428,2CDFS
CP083911.1_19,18362,18838,COG0757
CP083911.1_20,18851,19357,COG3245
CP083911.1_22,20243,21376,COG0420
CP083911.1_23,21373,24090,COG0419
CP083911.1_24,24099,26843,COG1353
CP083911.1_25,26855,27334,COG1421
CP083911.1_26,27346,28074,COG1337
CP083911.1_27,28071,29006,COG1567
CP083911.1_29,30595,31569,COG5551
CP083911.1_30,33254,33556,COG1343
CP083911.1_31,33569,34534,COG1518
CP083911.1_32,34534,34887,COG1343
CP083911.1_33,34910,35218,2E4K4
CP083911.1_34,35221,36393,COG4006
CP083911.1_35,36399,37532,COG0745
CP083911.1_36,37519,39726,COG1816
CP083911.1_37,39889,41385,COG3039
CP083911.1_38,41479,41922,2DBG4
CP083911.1_39,43595,44059,COG1438
CP083911.1_40,44423,45247,COG2801
CP083911.1_41,45370,46095,arCOG10178
CP083911.1_42,46125,46562,COG4978
CP083911.1_43,46559,47017,2E7R8
CP083911.1_44,47028,47843,COG2207
CP083911.1_45,47913,48302,2B4SD
CP083911.1_47,48737,48904,2ECEJ
CP083911.1_48,48930,49301,2ECEJ
CP083911.1_50,49985,50317,COG0640
CP083911.1_51,50349,50954,COG0346
CP083911.1_52,50976,51479,COG0394
CP083911.1_53,51476,52543,COG0798
CP083911.1_54,52574,53101,COG3658
CP083911.1_55,53120,53386,COG5591
CP083911.1_56,53563,53913,COG3212
CP083911.1_57,53910,54581,COG0745
CP083911.1_58,54578,55954,COG0642
CP083911.1_59,56240,56866,COG0625
CP083911.1_60,56984,58453,COG0015
CP083911.1_61,58450,58878,COG3313
CP083911.1_62,58978,60627,COG4783
CP083911.1_63,60708,61205,COG0315
CP083911.1_64,61207,62058,COG1250
CP083911.1_65,62251,62796,COG5490
CP083911.1_66,62993,65653,COG0045
CP083911.1_67,65640,66305,COG2928
CP083911.1_68,66335,67270,COG0313
CP083911.1_69,67272,67700,COG0792
CP083911.1_70,67719,68333,COG0279
CP083911.1_71,68330,69001,COG2823
CP083911.1_72,69125,70039,COG2084
CP083911.1_73,70072,71208,COG5008
CP083911.1_74,71228,72271,COG2805
CP083911.1_75,72368,73000,COG0325
CP083911.1_76,73043,76651,COG0506
CP083911.1_77,76888,77352,COG1522
CP083911.1_78,77568,78635,COG2423
CP083911.1_79,78806,79225,COG1522
CP083911.1_80,79377,81224,COG0115
CP083911.1_81,81446,81790,COG0251
CP083911.1_82,81834,82817,COG2423
CP083911.1_83,82814,84610,COG4251
CP083911.1_84,84784,86283,COG0277
CP083911.1_85,86649,87074,COG0071
CP083911.1_86,87295,88167,COG0583
CP083911.1_87,88336,89184,COG0788
CP083911.1_88,89246,90175,COG1893
CP083911.1_89,90307,91722,COG1207
CP083911.1_90,91838,92374,COG1522
CP083911.1_91,92520,94448,COG0449
CP083911.1_92,94622,95287,COG1230
CP083911.1_93,95382,95837,COG0789
CP083911.1_95,96408,97466,COG0803
CP083911.1_96,97488,98564,COG0709
CP083911.1_97,98608,99675,COG2603
CP083911.1_98,99672,100154,COG0695
CP083911.1_99,100230,101042,COG0730
CP083911.1_100,101079,101774,COG0007
CP083911.1_101,101778,103073,COG2895
CP083911.1_102,103076,104035,COG0175
CP083911.1_103,104032,104835,COG0175
CP083911.1_104,104828,105316,COG3749
CP083911.1_105,105336,107069,COG0155
CP083911.1_106,107253,108026,COG0584
CP083911.1_107,108232,109248,COG3842
CP083911.1_108,109273,110127,COG0395
CP083911.1_109,110142,111023,COG1175
CP083911.1_110,111127,112446,COG1653
CP083911.1_111,112557,114197,COG0578
CP083911.1_112,114400,115200,COG1349
CP083911.1_113,115254,115721,COG2138
CP083911.1_114,115756,117168,COG0161
CP083911.1_115,117253,117840,COG0500
CP083911.1_116,117833,119035,COG2021
CP083911.1_117,119613,119987,COG0724
CP083911.1_118,120006,120683,COG3117
CP083911.1_119,120680,121228,COG1778
CP083911.1_120,121228,122229,COG0517
CP083911.1_121,122361,124358,COG0475
CP083911.1_122,124368,124913,COG0503
CP083911.1_123,125077,125568,COG0835
CP083911.1_124,125609,126961,COG0840
CP083911.1_125,127019,128902,COG0840
CP083911.1_126,128932,131040,COG2202
CP083911.1_127,131158,132663,COG0624
CP083911.1_128,133098,134288,COG0477
CP083911.1_129,134435,135730,COG0189
CP083911.1_130,135723,136736,COG0189
CP083911.1_131,136733,137095,COG5652
CP083911.1_132,137158,137523,COG2076
CP083911.1_133,137652,138743,COG3437
CP083911.1_134,138727,142122,COG5002
CP083911.1_135,142463,143977,COG0477
CP083911.1_136,144049,144867,COG0284
CP083911.1_137,144940,145182,COG1716
CP083911.1_138,145299,145658,COG1716
CP083911.1_139,145624,146397,COG0631
CP083911.1_140,146513,147406,COG0074
CP083911.1_141,147436,148602,COG0045
CP083911.1_142,148823,149743,COG0002
CP083911.1_143,149857,150102,COG4691
CP083911.1_144,150099,150494,COG4113
CP083911.1_145,150539,151495,COG0491
CP083911.1_146,151507,153201,COG0318
CP083911.1_147,153472,154131,COG1670
CP083911.1_148,154080,155111,COG4535
CP083911.1_149,155108,156757,COG0815
CP083911.1_150,156800,157726,COG0752
CP083911.1_151,157723,159909,COG0751
CP083911.1_152,159919,160509,COG0241
CP083911.1_153,160506,161294,COG0204
CP083911.1_154,161275,161889,COG1451
CP083911.1_155,161924,162874,COG1575
CP083911.1_156,163047,163469,COG0789
CP083911.1_158,163688,164869,COG1960
CP083911.1_159,164869,165531,COG0288
CP083911.1_160,165564,167453,COG4579
CP083911.1_161,167450,168637,COG0183
CP083911.1_162,168718,169845,COG1960
CP083911.1_163,169990,170241,COG2161
CP083911.1_164,170285,170581,COG2026
CP083911.1_165,170639,172030,COG0569
CP083911.1_166,172040,173512,COG0168
CP083911.1_167,173522,174991,COG0168
CP083911.1_168,175007,176224,COG2059
CP083911.1_169,176726,177718,COG0715
CP083911.1_170,177740,178558,COG0600
CP083911.1_171,178564,179403,COG1116
CP083911.1_172,179428,180165,COG3665
CP083911.1_173,180175,180834,COG3665
CP083911.1_174,180874,184503,COG0439
CP083911.1_175,184511,186313,COG0154
CP083911.1_176,186326,187429,COG2207
CP083911.1_177,187506,189113,COG4799
CP083911.1_178,189124,189903,COG1024
CP083911.1_179,189917,191944,COG4770
CP083911.1_180,192001,192921,COG0111
CP083911.1_181,193120,194064,COG0119
CP083911.1_182,194066,194572,COG2606
CP083911.1_183,195015,196796,COG1894
CP083911.1_184,196793,199690,COG3383
CP083911.1_185,199708,200304,COG2062
CP083911.1_187,201941,202267,COG3385
CP083911.1_188,202309,203427,COG3177
CP083911.1_189,203627,204073,COG0589
CP083911.1_190,204054,204608,COG1225
CP083911.1_191,204937,210726,COG0178
CP083911.1_192,210738,211085,2E41J
CP083911.1_193,211157,212275,COG2391
CP083911.1_194,212288,213514,COG0477
CP083911.1_195,213674,213985,COG0261
CP083911.1_196,214000,214257,COG0211
CP083911.1_197,214373,215482,COG0536
CP083911.1_198,215550,216749,COG0263
CP083911.1_199,216927,217505,2B1HQ
CP083911.1_200,217502,218272,COG0494
CP083911.1_201,218296,220041,COG0442
CP083911.1_202,220044,220724,COG0741
CP083911.1_204,221267,222271,COG0466
CP083911.1_205,222378,222704,COG0278
CP083911.1_206,222786,223874,COG2890
CP083911.1_207,223871,224977,COG0216
CP083911.1_208,224974,226290,COG0373
CP083911.1_209,226794,230702,COG0247
CP083911.1_210,230699,231160,COG0537
CP083911.1_211,231214,231615,COG3536
CP083911.1_212,231641,232372,COG0500
CP083911.1_213,232656,233399,COG4395
CP083911.1_214,233444,234127,COG3165
CP083911.1_215,234124,235677,COG0661
CP083911.1_216,235791,236102,COG2331
CP083911.1_217,236089,236763,COG2928
CP083911.1_218,236808,238601,COG0173
CP083911.1_219,238648,238959,COG4575
CP083911.1_220,239000,239407,COG5393
CP083911.1_222,239813,240670,COG1291
CP083911.1_223,240712,241680,COG1360
CP083911.1_224,241704,242090,COG0745
CP083911.1_225,242115,242774,COG3143
CP083911.1_226,242896,244035,COG1377
CP083911.1_227,244065,246155,COG1298
CP083911.1_228,246152,247690,COG1419
CP083911.1_230,248345,249067,COG1191
CP083911.1_233,249964,250797,COG1261
CP083911.1_234,250961,251407,COG1815
CP083911.1_235,251419,251823,COG1558
CP083911.1_236,251845,252501,COG1843
CP083911.1_237,252568,253866,COG1749
CP083911.1_238,253899,254639,COG4787
CP083911.1_239,254656,255438,COG4786
CP083911.1_240,255486,256175,COG2063
CP083911.1_241,256212,257363,COG1706
CP083911.1_242,257365,258246,COG1705
CP083911.1_243,258264,260222,COG1256
CP083911.1_244,260240,261520,COG1344
CP083911.1_246,263394,264590,COG1960
CP083911.1_247,264604,265752,COG1960
CP083911.1_249,266909,268543,COG0459
CP083911.1_250,268604,268894,COG0234
CP083911.1_251,269465,270907,COG1373
CP083911.1_252,271823,272614,COG1024
CP083911.1_253,273009,273827,COG1024
CP083911.1_254,273781,275712,COG3975
CP083911.1_255,275709,276467,COG1651
CP083911.1_256,276602,277765,COG0654
CP083911.1_257,278146,279048,COG3217
CP083911.1_258,279183,280277,COG0012
CP083911.1_259,280267,282756,COG3002
CP083911.1_260,282808,284346,COG1009
CP083911.1_261,284452,285354,COG0583
CP083911.1_262,285602,288331,COG1410
CP083911.1_263,288328,289038,COG1309
CP083911.1_264,289093,290226,COG0845
CP083911.1_265,290237,293383,COG0841
CP083911.1_266,293380,294834,COG1538
CP083911.1_267,294935,297436,COG2804
CP083911.1_268,297478,299046,COG0606
CP083911.1_269,299278,299616,COG0347
CP083911.1_270,299658,301085,COG0004
CP083911.1_271,301350,302114,COG0730
CP083911.1_272,302096,304066,COG0768
CP083911.1_273,304074,304598,COG2891
CP083911.1_274,304595,305479,COG1792
CP083911.1_275,305528,306574,COG1077
CP083911.1_276,306695,306994,COG0721
CP083911.1_277,306991,308505,COG0154
CP083911.1_278,308507,308767,29X7Q
CP083911.1_279,308722,309027,29XIT
CP083911.1_280,309067,310548,COG0064
CP083911.1_281,310563,311264,28NWD
CP083911.1_282,311357,312061,COG0461
CP083911.1_283,312195,312566,COG0239
CP083911.1_284,312652,313440,COG0725
CP083911.1_285,313453,314118,COG4149
CP083911.1_286,314106,315308,COG3842
CP083911.1_287,315506,316411,2BVW3
CP083911.1_288,316408,316707,COG1708
CP083911.1_289,316908,318227,COG0172
CP083911.1_290,318348,318926,2C0C4
CP083911.1_291,318972,319385,COG0346
CP083911.1_292,319400,321118,COG0513
CP083911.1_293,321434,323098,COG0488
CP083911.1_294,323104,323838,COG3310
CP083911.1_295,323878,324543,COG0784
CP083911.1_296,324568,325059,COG1238
CP083911.1_297,325169,326188,COG0042
CP083911.1_298,326185,326424,COG2901
CP083911.1_299,326471,328057,COG0138
CP083911.1_300,328174,329031,COG0313
CP083911.1_301,329028,329630,COG0424
CP083911.1_302,329717,330136,COG2146
CP083911.1_303,330144,331148,COG0616
CP083911.1_304,331130,332374,COG0654
CP083911.1_305,332414,333463,COG3181
CP083911.1_306,333465,335087,COG0213
CP083911.1_307,335090,336037,COG0462
CP083911.1_308,336150,337670,COG3263
CP083911.1_309,337862,339667,COG2199
CP083911.1_310,339763,340332,COG0225
CP083911.1_311,340402,341379,COG0679
CP083911.1_312,341369,341860,COG2314
CP083911.1_313,342016,342549,COG1247
CP083911.1_314,342659,342931,COG0228
CP083911.1_315,342946,343536,COG0806
CP083911.1_316,343590,344399,COG0336
CP083911.1_317,344448,344879,COG0335
CP083911.1_318,345242,346579,COG4949
CP083911.1_319,346616,347248,COG2863
CP083911.1_320,347343,348635,COG0446
CP083911.1_321,348654,348953,COG2863
CP083911.1_322,349143,350462,COG0552
CP083911.1_323,350576,351955,COG0612
CP083911.1_324,351952,353319,COG0612
CP083911.1_325,353316,353933,COG0742
CP083911.1_326,353930,354436,COG0669
CP083911.1_327,354473,354775,COG1145
CP083911.1_328,354838,355470,COG0193
CP083911.1_329,355588,356214,COG1825
CP083911.1_330,356344,357330,COG0462
CP083911.1_331,357496,358392,COG1947
CP083911.1_332,358397,358912,COG3017
CP083911.1_333,358909,360336,COG0457
CP083911.1_334,360418,361230,COG0266
CP083911.1_335,361310,363250,COG0699
CP083911.1_336,363292,364368,COG1194
CP083911.1_337,364257,365264,COG1660
CP083911.1_338,365261,366907,COG0497
CP083911.1_339,366904,367830,COG0061
CP083911.1_340,367864,368892,COG1420
CP083911.1_341,369056,370498,COG1322
CP083911.1_342,370829,371608,COG1121
CP083911.1_343,371592,372482,COG1108
CP083911.1_344,372550,373911,COG0402
CP083911.1_345,373908,375380,COG1538
CP083911.1_346,375394,376698,COG0845
CP083911.1_347,376695,377438,COG1136
CP083911.1_348,377441,378646,COG0577
CP083911.1_349,378762,379067,COG0675
CP083911.1_350,379070,380566,COG3039
CP083911.1_351,380679,381578,COG0675
CP083911.1_352,381899,383395,COG3039
CP083911.1_353,383407,384402,COG2801
CP083911.1_354,384986,386482,COG3039
CP083911.1_355,386593,386907,COG0265
CP083911.1_356,387154,388113,COG2801
CP083911.1_357,388739,390907,COG1199
CP083911.1_358,390880,391761,COG3622
CP083911.1_359,391758,393083,COG2379
CP083911.1_360,393096,394238,COG1533
CP083911.1_361,394328,395857,COG3845
CP083911.1_362,395844,396899,COG4603
CP083911.1_363,396899,397819,COG1079
CP083911.1_364,397853,399010,COG1744
CP083911.1_365,399010,399966,COG4638
CP083911.1_366,400050,400616,COG0717
CP083911.1_368,401183,403699,COG1061
CP083911.1_369,403696,403995,COG3668
CP083911.1_370,403983,404189,2DPTZ
CP083911.1_371,404186,406681,COG2189
CP083911.1_375,408591,408932,2BXY9
CP083911.1_376,408925,409632,COG1296
CP083911.1_377,409629,411632,COG0500
CP083911.1_378,412170,412568,COG0697
CP083911.1_379,412585,413397,COG0207
CP083911.1_380,413394,414836,COG0277
CP083911.1_381,414960,415388,COG3308
CP083911.1_382,415398,416696,COG1295
CP083911.1_383,416775,420164,COG0004
CP083911.1_384,420317,421156,COG2267
CP083911.1_385,421175,422485,COG2873
CP083911.1_386,422566,423054,COG0517
CP083911.1_388,423342,424466,COG0082
CP083911.1_389,424463,425647,COG0477
CP083911.1_390,425644,426267,COG4094
CP083911.1_391,426710,428881,COG0376
CP083911.1_392,429077,430384,COG2202
CP083911.1_393,430591,432519,COG0422
CP083911.1_394,432862,433131,COG0361
CP083911.1_395,433231,435297,COG0008
CP083911.1_397,436101,436931,COG1968
CP083911.1_398,437027,437890,COG2267
CP083911.1_399,437895,438713,COG3484
CP083911.1_400,438758,440740,COG0507
CP083911.1_401,440737,444690,COG1074
CP083911.1_402,444687,448487,COG1330
CP083911.1_403,448550,449134,COG0782
CP083911.1_404,449148,451439,COG0317
CP083911.1_405,451504,451707,COG1758
CP083911.1_406,451734,452363,COG0194
CP083911.1_407,452360,453322,COG1561
CP083911.1_408,453356,454381,COG0515
CP083911.1_409,454378,455319,COG0631
CP083911.1_410,455339,456103,COG0689
CP083911.1_411,456108,456737,COG0127
CP083911.1_412,456722,457969,COG0635
CP083911.1_413,458039,458737,COG0517
CP083911.1_414,458781,461210,2DBMY
CP083911.1_415,461376,462278,COG3228
CP083911.1_416,462275,463096,COG2908
CP083911.1_417,463126,463818,COG0652
CP083911.1_419,464521,465894,COG0215
CP083911.1_420,465891,466568,COG0122
CP083911.1_421,466588,467619,COG0825
CP083911.1_422,467564,468658,COG0037
CP083911.1_423,468579,468779,COG3071
CP083911.1_424,468843,470126,COG0527
CP083911.1_425,470337,471413,COG0252
CP083911.1_426,471379,472035,COG0563
CP083911.1_427,472191,472979,COG1212
CP083911.1_428,473016,473225,COG2835
CP083911.1_429,473233,474312,COG1663
CP083911.1_430,474312,474731,COG0848
CP083911.1_431,474756,475448,COG0811
CP083911.1_432,475513,476937,COG1570
CP083911.1_433,477038,477625,COG0605
CP083911.1_434,477798,478244,COG1430
CP083911.1_435,478445,479698,COG0538
CP083911.1_436,479890,480672,COG0426
CP083911.1_437,480844,481191,COG2127
CP083911.1_438,481272,483617,COG0542
CP083911.1_439,483640,484167,COG0350
CP083911.1_440,484271,485773,COG2925
CP083911.1_441,485713,488382,COG5001
CP083911.1_442,488480,490003,COG0433
CP083911.1_443,490125,490850,COG0217
CP083911.1_444,490847,492148,COG0151
CP083911.1_445,492188,493108,COG0408
CP083911.1_446,493108,493767,COG1057
CP083911.1_447,493764,494381,COG0799
CP083911.1_448,494378,494848,COG1576
CP083911.1_449,494845,495480,COG0424
CP083911.1_450,495494,496975,COG1530
CP083911.1_451,497115,499022,COG1132
CP083911.1_452,499091,500452,COG0823
CP083911.1_453,500509,501093,COG2885
CP083911.1_454,501093,501908,COG1729
CP083911.1_455,501999,503114,COG2391
CP083911.1_456,503107,503928,COG1179
CP083911.1_457,504287,504682,COG0491
CP083911.1_458,505374,506195,COG0796
CP083911.1_459,506215,506676,COG1610
CP083911.1_460,506783,506995,COG0828
CP083911.1_461,507198,508697,COG2326
CP083911.1_462,508818,509162,COG0727
CP083911.1_463,509184,510131,COG0078
CP083911.1_464,510128,511333,COG4992
CP083911.1_465,511431,511880,COG0454
CP083911.1_466,512147,512440,COG0268
CP083911.1_467,512659,513768,COG3239
CP083911.1_468,513960,515474,COG0513
CP083911.1_469,515431,516279,COG0639
CP083911.1_470,516289,517623,COG1253
CP083911.1_471,517511,518491,COG0583
CP083911.1_472,518615,520036,COG1850
CP083911.1_473,520064,520384,COG4451
CP083911.1_474,520443,522362,28IUD
CP083911.1_475,522417,523973,28K6U
CP083911.1_476,523989,524243,COG4576
CP083911.1_477,524249,524566,COG4576
CP083911.1_478,524619,524915,COG4577
CP083911.1_479,524982,525320,COG4577
CP083911.1_480,525343,525762,COG2193
CP083911.1_481,525796,526071,COG2154
CP083911.1_482,526068,526679,COG1192
CP083911.1_484,526997,527932,COG0714
CP083911.1_485,527970,530333,COG4548
CP083911.1_486,530330,530998,COG4577
CP083911.1_487,530995,531813,COG0265
CP083911.1_488,531885,532853,COG3329
CP083911.1_489,532872,533159,COG0347
CP083911.1_490,533279,537439,COG1002
CP083911.1_491,537535,539385,COG0210
CP083911.1_492,539526,541088,COG3046
CP083911.1_493,541085,542449,COG0415
CP083911.1_494,542446,542643,COG4338
CP083911.1_495,542648,544285,COG0415
CP083911.1_496,544323,544727,COG3631
CP083911.1_497,544901,545671,COG0300
CP083911.1_498,545668,546240,2ANPA
CP083911.1_499,546316,547668,COG2211
CP083911.1_500,547665,547955,COG3572
CP083911.1_501,547959,548318,COG3572
CP083911.1_502,548272,549516,COG2230
CP083911.1_503,549535,550356,COG3496
CP083911.1_504,550373,551677,COG2907
CP083911.1_505,551838,552803,COG0789
CP083911.1_506,552810,553313,COG1522
CP083911.1_507,553352,554359,COG0697
CP083911.1_508,554323,555264,COG0583
CP083911.1_509,555395,556132,COG0637
CP083911.1_510,556211,557293,COG0158
CP083911.1_511,557351,558235,COG3954
CP083911.1_512,558270,560297,COG0021
CP083911.1_513,560294,561022,COG0546
CP083911.1_514,561069,562091,COG0057
CP083911.1_515,562117,563316,COG0126
CP083911.1_516,563378,564445,COG0191
CP083911.1_517,564489,565202,COG0664
CP083911.1_518,565285,566433,COG2956
CP083911.1_519,566423,566707,COG5416
CP083911.1_520,566704,566997,COG0776
CP083911.1_521,567183,568862,COG0539
CP083911.1_522,569019,571058,COG0128
CP083911.1_523,571022,572053,COG0287
CP083911.1_524,572058,573194,COG0077
CP083911.1_525,573231,574373,COG1932
CP083911.1_526,574378,577032,COG0188
CP083911.1_527,577355,577999,COG2885
CP083911.1_528,578041,578838,COG2227
CP083911.1_529,578835,579506,COG0546
CP083911.1_530,580022,580342,COG2944
CP083911.1_531,580323,580670,COG4737
CP083911.1_532,580994,581611,COG2119
CP083911.1_533,581639,582178,COG4539
CP083911.1_534,582404,583429,COG0491
CP083911.1_535,583478,584206,COG4662
CP083911.1_536,584203,584919,COG1126
CP083911.1_537,584907,585716,COG2998
CP083911.1_538,585894,587012,COG3284
CP083911.1_539,587230,587706,COG1142
CP083911.1_540,587727,589574,COG2414
CP083911.1_541,589641,590918,COG1251
CP083911.1_542,590932,591183,COG2104
CP083911.1_543,591229,591528,2EBXW
CP083911.1_544,591603,592049,COG1765
CP083911.1_545,592039,593088,COG2974
CP083911.1_546,593236,594714,COG1012
CP083911.1_547,594851,595810,COG0010
CP083911.1_548,595815,596420,COG1670
CP083911.1_549,596542,597363,COG1177
CP083911.1_550,597378,598616,COG1176
CP083911.1_551,598613,599644,COG0687
CP083911.1_552,599688,600773,COG3842
CP083911.1_553,600984,602195,COG1804
CP083911.1_554,602355,603542,COG1960
CP083911.1_555,603700,604590,COG0583
CP083911.1_557,605270,606580,COG0160
CP083911.1_558,606731,608140,COG1167
CP083911.1_559,608157,609521,COG1236
CP083911.1_560,609694,610821,COG0484
CP083911.1_561,610920,612851,COG0443
CP083911.1_562,612967,613506,COG0576
CP083911.1_563,613659,614516,COG0179
CP083911.1_564,614549,615052,COG1846
CP083911.1_565,615264,616037,COG0518
CP083911.1_566,616056,616190,COG0824
CP083911.1_567,616284,617063,COG1024
CP083911.1_568,617124,617948,COG1414
CP083911.1_569,618115,619071,COG0491
CP083911.1_570,619116,619661,COG0346
CP083911.1_571,619759,621369,COG0654
CP083911.1_572,621411,621617,2E3JP
CP083911.1_573,621718,623052,COG0179
CP083911.1_574,623388,625754,COG4191
CP083911.1_576,626850,629132,COG0784
CP083911.1_577,629435,631720,COG0568
CP083911.1_578,632419,634125,COG0358
CP083911.1_579,634166,636961,COG5001
CP083911.1_580,636961,637431,COG0715
CP083911.1_581,637525,639021,COG3039
CP083911.1_582,639043,639645,COG0715
CP083911.1_583,639676,641241,COG2199
CP083911.1_584,641562,642320,COG1028
CP083911.1_586,644554,645567,COG3405
CP083911.1_588,647978,649354,COG1215
CP083911.1_589,649422,650477,COG3039
CP083911.1_590,650998,651810,COG1215
CP083911.1_592,652855,653934,COG1840
CP083911.1_593,654124,655047,COG1752
CP083911.1_594,655176,655751,COG5490
CP083911.1_595,655936,656988,COG0123
CP083911.1_596,656985,657440,COG0824
CP083911.1_597,657437,658216,COG0778
CP083911.1_598,658234,658662,2DVSG
CP083911.1_599,658649,659974,COG1192
CP083911.1_600,659986,661386,29QG3
CP083911.1_601,661699,662703,COG1052
CP083911.1_602,662945,665221,COG1009
CP083911.1_603,665218,665673,COG2111
CP083911.1_604,665670,666107,COG1006
CP083911.1_605,666104,667558,COG0651
CP083911.1_606,667560,667919,2DTGD
CP083911.1_607,667916,668179,COG2212
CP083911.1_608,668176,668535,COG1320
CP083911.1_609,668685,671525,COG1009
CP083911.1_610,671522,671905,COG1006
CP083911.1_611,671905,673566,COG0651
CP083911.1_612,673563,674147,COG1863
CP083911.1_613,674144,674425,COG2212
CP083911.1_614,674439,674783,COG1320
CP083911.1_615,674793,675701,COG1611
CP083911.1_616,675701,676255,COG0231
CP083911.1_617,676376,676819,COG5573
CP083911.1_618,676823,677059,COG4118
CP083911.1_619,677208,678353,COG4394
CP083911.1_620,678385,680379,COG0322
CP083911.1_621,680413,680979,COG0558
CP083911.1_622,681015,681908,COG0697
CP083911.1_623,681928,683028,COG0473
CP083911.1_624,683086,683361,COG0776
CP083911.1_625,683585,684091,COG0250
CP083911.1_626,684214,685764,COG1672
CP083911.1_627,686044,687072,COG1087
CP083911.1_628,687105,687404,COG1708
CP083911.1_629,687401,687871,2C4WJ
CP083911.1_630,687899,688864,COG1210
CP083911.1_631,688861,689088,COG1487
CP083911.1_632,689151,690446,COG0677
CP083911.1_633,690459,691508,COG0673
CP083911.1_634,691529,692098,COG0110
CP083911.1_635,692095,693210,COG0399
CP083911.1_636,693215,694297,COG0381
CP083911.1_637,694328,695326,COG0451
CP083911.1_638,695409,696545,COG0399
CP083911.1_639,697232,697555,COG0500
CP083911.1_640,697609,699486,COG0367
CP083911.1_641,699618,700460,COG0223
CP083911.1_642,700457,700753,2BFRM
CP083911.1_643,700855,701841,COG3039
CP083911.1_644,702354,703682,COG0438
CP083911.1_645,703688,705127,COG2244
CP083911.1_646,705703,706083,COG0438
CP083911.1_647,706380,708344,COG0367
CP083911.1_648,708429,709919,COG3039
CP083911.1_649,710026,710502,COG2801
CP083911.1_650,710596,712092,COG3039
CP083911.1_651,712104,712493,COG2801
CP083911.1_652,712624,713739,COG0438
CP083911.1_654,714116,714328,COG3039
CP083911.1_655,714389,715162,COG3039
CP083911.1_656,715181,716332,COG0438
CP083911.1_657,716320,718323,COG0367
CP083911.1_658,718320,719477,COG0438
CP083911.1_659,719481,720572,COG0472
CP083911.1_660,720687,722588,COG0760
CP083911.1_661,722969,723289,2E1B7
CP083911.1_663,723754,725130,COG0591
CP083911.1_664,725329,726321,COG0604
CP083911.1_665,726635,726865,2EAQB
CP083911.1_666,726852,727178,COG2337
CP083911.1_667,727475,727987,COG2405
CP083911.1_668,728010,729062,COG1396
CP083911.1_669,729286,730266,COG0496
CP083911.1_670,730260,731126,COG2518
CP083911.1_671,731146,732141,COG1388
CP083911.1_672,732141,733640,COG2265
CP083911.1_673,733646,734167,2E6EI
CP083911.1_674,734230,734919,COG0670
CP083911.1_675,735178,735591,COG0848
CP083911.1_676,735638,736405,COG0811
CP083911.1_677,736541,736732,COG0810
CP083911.1_678,737396,738472,COG1304
CP083911.1_679,738469,739158,COG3128
CP083911.1_680,739177,741507,COG4774
CP083911.1_681,741782,742345,COG0450
CP083911.1_682,742460,744076,COG3634
CP083911.1_683,744197,746422,COG1629
CP083911.1_684,746451,747557,COG3720
CP083911.1_685,747554,748441,COG4558
CP083911.1_686,748429,749484,COG0609
CP083911.1_687,749487,750305,COG4559
CP083911.1_688,750298,751422,COG3317
CP083911.1_689,751467,752351,COG0329
CP083911.1_690,752442,753017,COG0500
CP083911.1_692,753294,754526,COG0477
CP083911.1_693,755003,756988,COG0187
CP083911.1_694,756958,757749,COG3907
CP083911.1_695,757804,758514,COG0745
CP083911.1_696,758511,759890,COG0642
CP083911.1_697,759927,761645,COG2194
CP083911.1_698,761861,762253,COG0818
CP083911.1_699,762250,762879,COG3161
CP083911.1_700,762896,765295,COG0188
CP083911.1_701,765397,765867,COG0251
CP083911.1_702,766106,766546,COG1765
CP083911.1_703,766571,769075,COG0658
CP083911.1_704,768985,770856,COG2199
CP083911.1_705,771064,772515,COG2308
CP083911.1_706,772547,773521,COG2307
CP083911.1_707,773695,774231,COG4729
CP083911.1_708,774254,776308,COG4666
CP083911.1_709,776316,777275,COG2358
CP083911.1_710,777386,780601,COG1305
CP083911.1_711,780592,781605,COG1721
CP083911.1_712,781605,782525,COG0714
CP083911.1_713,782581,783531,COG0123
CP083911.1_714,783695,784483,COG1024
CP083911.1_715,784669,786006,COG3264
CP083911.1_716,786373,787122,COG2086
CP083911.1_717,787140,788081,COG2025
CP083911.1_718,788142,789932,COG1960
CP083911.1_719,789946,790905,COG2070
CP083911.1_720,791076,794612,COG0553
CP083911.1_721,794815,795432,COG1432
CP083911.1_722,795451,798324,COG1743
CP083911.1_723,798335,799507,COG4637
CP083911.1_724,799504,800091,2DHAE
CP083911.1_725,800101,802896,COG0613
CP083911.1_726,802898,804169,COG2865
CP083911.1_727,804166,807003,COG1483
CP083911.1_728,806998,808191,COG0324
CP083911.1_729,808202,809458,COG0477
CP083911.1_730,809509,811575,COG0323
CP083911.1_731,811868,813280,COG0860
CP083911.1_732,813277,813804,COG0802
CP083911.1_733,813948,815147,COG1600
CP083911.1_734,815157,815933,COG0767
CP083911.1_735,815940,816947,COG1463
CP083911.1_736,816944,817714,29DRS
CP083911.1_737,817880,818836,2CKDR
CP083911.1_738,818843,819757,COG0500
CP083911.1_739,819754,820188,COG0328
CP083911.1_740,820270,821511,COG0845
CP083911.1_741,821539,824622,COG0841
CP083911.1_742,824782,825003,2C78Q
CP083911.1_743,825000,825326,COG2337
CP083911.1_744,825390,826889,COG1875
CP083911.1_745,827332,827808,COG1225
CP083911.1_746,827966,828346,COG3737
CP083911.1_747,828422,829657,COG0436
CP083911.1_748,829716,831047,COG0460
CP083911.1_749,831047,832480,COG0498
CP083911.1_750,832564,833841,COG0303
CP083911.1_751,833863,836499,COG5001
CP083911.1_752,836533,836784,COG1977
CP083911.1_753,836790,837275,COG0314
CP083911.1_754,837459,840056,COG0542
CP083911.1_755,840283,841524,COG1004
CP083911.1_756,841801,842820,COG0463
CP083911.1_757,842817,843836,COG0392
CP083911.1_758,843874,844656,COG0760
CP083911.1_759,844734,845015,COG0271
CP083911.1_760,845012,845545,COG2917
CP083911.1_761,845572,846000,COG0229
CP083911.1_762,845997,847565,COG0397
CP083911.1_763,847612,848295,COG0664
CP083911.1_764,848581,850077,COG3039
CP083911.1_766,851489,852631,COG2801
CP083911.1_768,853180,854139,COG2801
CP083911.1_769,854399,855895,COG3039
CP083911.1_770,856334,857830,COG3039
CP083911.1_771,857972,859468,COG3039
CP083911.1_772,860018,860851,COG2072
CP083911.1_773,860887,861783,COG2267
CP083911.1_774,861808,862791,COG2801
CP083911.1_775,862942,863823,COG5285
CP083911.1_776,864912,866402,COG3039
CP083911.1_777,867230,867916,2C5U9
CP083911.1_778,868398,870035,COG0318
CP083911.1_779,870172,871476,COG0683
CP083911.1_780,871620,872636,COG0559
CP083911.1_781,872636,873940,COG4177
CP083911.1_782,873942,874742,COG0411
CP083911.1_783,874782,875480,COG0410
CP083911.1_784,875491,876891,COG2905
CP083911.1_785,877067,879151,COG4147
CP083911.1_786,879215,879577,COG0360
CP083911.1_787,879574,879891,COG2965
CP083911.1_788,879901,880182,COG0238
CP083911.1_789,880197,880649,COG0359
CP083911.1_790,880741,881565,COG4105
CP083911.1_791,881605,882678,COG0564
CP083911.1_792,882675,883289,COG1386
CP083911.1_793,883286,884386,COG1187
CP083911.1_794,884423,884848,COG0105
CP083911.1_795,884856,886010,COG0820
CP083911.1_796,886007,886837,COG3063
CP083911.1_797,886830,887783,COG1426
CP083911.1_798,887783,889090,COG0821
CP083911.1_799,889169,890476,COG0124
CP083911.1_800,890552,891217,COG2976
CP083911.1_801,891214,892371,COG1520
CP083911.1_802,892368,893720,COG1160
CP083911.1_803,893825,894079,COG1923
CP083911.1_804,894076,895296,COG2262
CP083911.1_805,895289,896662,COG0330
CP083911.1_806,896679,897575,COG0330
CP083911.1_807,897646,898827,COG3705
CP083911.1_808,898901,900289,COG0104
CP083911.1_809,900308,900832,COG2236
CP083911.1_810,900820,902034,COG0626
CP083911.1_811,902061,903005,COG0010
CP083911.1_812,903002,904210,COG1228
CP083911.1_813,904212,905753,COG2986
CP083911.1_814,905768,907465,COG2987
CP083911.1_815,907519,908883,COG3314
CP083911.1_816,909015,909740,COG2188
CP083911.1_817,909814,910437,COG2755
CP083911.1_818,910474,911163,COG4181
CP083911.1_819,911173,911961,COG0566
CP083911.1_820,912076,912672,COG2059
CP083911.1_821,912669,913265,COG2059
CP083911.1_822,913392,913937,COG5394
CP083911.1_823,914153,915562,COG0621
CP083911.1_824,916232,918457,COG0557
CP083911.1_825,918494,919042,COG0762
CP083911.1_826,919173,920468,COG0303
CP083911.1_827,920499,921182,COG0746
CP083911.1_828,921188,922324,COG2896
CP083911.1_829,922469,922996,COG0526
CP083911.1_830,923089,923628,COG0221
CP083911.1_831,923604,924833,COG3146
CP083911.1_832,924850,926523,COG0171
CP083911.1_833,926670,927008,COG0347
CP083911.1_834,927027,927620,COG1611
CP083911.1_835,927617,928111,COG1714
CP083911.1_836,928512,930290,COG0028
CP083911.1_837,930405,930896,COG0440
CP083911.1_838,930941,931957,COG0059
CP083911.1_839,932118,932921,COG1183
CP083911.1_840,933196,934737,COG0119
CP083911.1_841,934900,936066,COG1686
CP083911.1_842,936045,936851,COG1414
CP083911.1_843,937025,937762,COG2935
CP083911.1_844,937759,938544,COG2360
CP083911.1_845,938541,939185,COG0177
CP083911.1_846,939240,940484,COG1167
CP083911.1_848,942696,943709,COG2378
CP083911.1_851,944357,945169,COG1607
CP083911.1_854,947766,951290,COG1002
CP083911.1_855,951535,953157,COG1672
CP083911.1_856,953195,953734,COG0526
CP083911.1_857,953780,955150,COG1350
CP083911.1_858,955228,955944,COG0560
CP083911.1_859,955991,956611,COG1284
CP083911.1_860,956608,960108,COG1197
CP083911.1_861,960355,961185,COG0596
CP083911.1_863,961840,963336,COG3039
CP083911.1_865,963771,965042,COG0245
CP083911.1_866,965186,966490,COG0642
CP083911.1_867,966490,967209,COG0745
CP083911.1_868,967331,968185,COG3471
CP083911.1_869,968407,969177,COG1028
CP083911.1_870,969248,970225,COG2267
CP083911.1_871,970222,972465,COG0317
CP083911.1_872,972853,975546,COG0305
CP083911.1_873,975570,975806,2DNUJ
CP083911.1_874,975910,977211,COG0624
CP083911.1_875,977298,979076,COG0624
CP083911.1_876,979073,980044,COG0726
CP083911.1_877,980051,980716,COG1802
CP083911.1_878,980824,981177,COG2351
CP083911.1_879,981180,982115,COG1975
CP083911.1_880,982060,982761,COG0378
CP083911.1_881,982758,983453,COG0830
CP083911.1_882,983450,983974,COG2371
CP083911.1_883,983990,985735,COG0804
CP083911.1_884,985732,986067,COG0832
CP083911.1_885,986084,986716,COG2370
CP083911.1_886,986741,987043,COG0831
CP083911.1_887,987114,990617,COG0642
CP083911.1_888,990614,991627,COG0745
CP083911.1_889,991750,993015,COG0683
CP083911.1_890,993012,994685,COG0559
CP083911.1_891,994735,995859,COG4177
CP083911.1_892,995856,996734,COG4674
CP083911.1_893,996749,997453,COG0410
CP083911.1_894,997499,998335,COG0829
CP083911.1_895,998332,999099,COG0600
CP083911.1_896,999105,999938,COG1116
CP083911.1_897,999943,1000971,COG0715
CP083911.1_898,1001175,1002134,COG0583
CP083911.1_899,1002260,1003768,COG4630
CP083911.1_900,1003765,1006152,COG4631
CP083911.1_901,1006243,1007457,COG3748
CP083911.1_902,1007918,1008610,COG2801
CP083911.1_903,1008623,1009597,COG3547
CP083911.1_904,1009834,1010037,COG2801
CP083911.1_905,1010059,1011555,COG3039
CP083911.1_907,1012348,1013844,COG3039
CP083911.1_908,1013938,1015791,COG3850
CP083911.1_909,1015788,1016525,COG2197
CP083911.1_910,1016506,1016862,COG0347
CP083911.1_911,1016859,1017809,COG3329
CP083911.1_912,1017814,1019079,COG2223
CP083911.1_913,1019328,1020698,COG2223
CP083911.1_914,1020726,1024511,COG5013
CP083911.1_915,1024539,1026071,COG1140
CP083911.1_916,1026092,1026769,COG2180
CP083911.1_917,1026797,1027501,COG2181
CP083911.1_918,1027503,1028327,COG0760
CP083911.1_919,1028354,1029592,COG2070
CP083911.1_920,1029702,1030916,COG3213
CP083911.1_921,1030938,1031573,COG0778
CP083911.1_922,1031570,1032181,COG3945
CP083911.1_923,1032130,1033623,COG0043
CP083911.1_924,1033620,1034192,COG0163
CP083911.1_925,1034197,1034574,COG4273
CP083911.1_926,1034571,1035056,COG3154
CP083911.1_927,1035043,1035978,COG0826
CP083911.1_928,1035984,1037015,COG0826
CP083911.1_929,1037035,1037694,COG2846
CP083911.1_930,1037810,1038304,COG1959
CP083911.1_931,1038262,1038660,COG3094
CP083911.1_932,1038673,1039971,COG0348
CP083911.1_933,1040154,1042646,COG0209
CP083911.1_934,1043138,1043779,COG0582
CP083911.1_935,1044089,1045054,COG0352
CP083911.1_936,1045060,1045887,COG2022
CP083911.1_937,1045895,1046104,COG2104
CP083911.1_938,1046101,1047246,COG0665
CP083911.1_939,1047327,1048196,COG0351
CP083911.1_940,1048157,1049266,COG0492
CP083911.1_941,1049297,1049626,COG1146
CP083911.1_942,1050015,1051511,COG3039
CP083911.1_943,1051850,1053829,COG0665
CP083911.1_944,1053831,1054112,COG2924
CP083911.1_945,1054371,1055150,COG0543
CP083911.1_946,1055140,1055664,COG1495
CP083911.1_947,1055671,1056804,COG0579
CP083911.1_948,1056855,1057478,COG1280
CP083911.1_949,1057475,1058539,COG0167
CP083911.1_950,1058629,1059342,COG0120
CP083911.1_951,1059351,1061423,COG0339
CP083911.1_952,1061460,1061939,COG1534
CP083911.1_953,1062034,1062720,COG0293
CP083911.1_954,1062894,1064825,COG0465
CP083911.1_955,1064977,1065921,COG0294
CP083911.1_956,1065918,1067252,COG1109
CP083911.1_957,1067320,1068096,COG2071
CP083911.1_958,1068390,1069247,COG3176
CP083911.1_959,1069347,1071431,COG0855
CP083911.1_960,1071438,1071911,COG2062
CP083911.1_961,1071990,1073477,COG0248
CP083911.1_962,1073547,1074347,COG1117
CP083911.1_963,1074347,1075282,COG0581
CP083911.1_964,1075282,1076193,COG0573
CP083911.1_965,1076284,1077291,COG0226
CP083911.1_966,1077521,1078219,COG0704
CP083911.1_967,1078216,1078929,COG0745
CP083911.1_968,1078938,1080302,COG5002
CP083911.1_969,1080450,1082180,COG1807
CP083911.1_970,1082301,1082555,COG0254
CP083911.1_971,1082643,1083908,COG1158
CP083911.1_972,1084159,1084491,COG3118
CP083911.1_973,1084670,1086517,COG2812
CP083911.1_974,1086544,1086876,COG0718
CP083911.1_975,1086899,1087498,COG0353
CP083911.1_977,1088756,1090915,COG0272
CP083911.1_978,1090905,1091276,COG2010
CP083911.1_979,1091379,1094057,COG2844
CP083911.1_980,1094119,1094937,COG0024
CP083911.1_982,1095495,1096079,COG0779
CP083911.1_983,1096112,1097611,COG0195
CP083911.1_984,1097640,1100522,COG0532
CP083911.1_985,1100534,1100908,COG0858
CP083911.1_986,1100905,1101864,COG0130
CP083911.1_987,1101861,1103696,COG1217
CP083911.1_988,1103693,1103989,COG0697
CP083911.1_989,1103986,1105113,COG1024
CP083911.1_990,1105229,1105711,COG0691
CP083911.1_991,1105745,1106194,COG2867
CP083911.1_992,1106191,1106529,COG2914
CP083911.1_993,1106586,1108058,COG0516
CP083911.1_994,1108103,1108345,COG2336
CP083911.1_995,1108342,1108812,COG1569
CP083911.1_996,1108878,1110494,COG0518
CP083911.1_997,1110611,1110901,COG1669
CP083911.1_998,1110898,1111236,COG2361
CP083911.1_999,1111321,1111650,COG2808
CP083911.1_1000,1111671,1112693,COG0590
CP083911.1_1001,1112701,1113621,COG1619
CP083911.1_1002,1113754,1116348,COG0189
CP083911.1_1003,1116379,1118550,COG1181
CP083911.1_1004,1118712,1121003,COG1132
CP083911.1_1005,1121008,1121493,COG1132
CP083911.1_1006,1121533,1122309,COG4598
CP083911.1_1007,1122339,1123469,COG3608
CP083911.1_1008,1123470,1124183,COG4160
CP083911.1_1009,1124202,1124897,COG4215
CP083911.1_1010,1124965,1125744,COG0834
CP083911.1_1011,1125939,1127453,COG3333
CP083911.1_1012,1127490,1127951,2D22U
CP083911.1_1013,1127979,1128614,COG0666
CP083911.1_1014,1128698,1129522,COG0084
CP083911.1_1015,1129561,1129941,COG3215
CP083911.1_1016,1129938,1130978,COG0470
CP083911.1_1017,1130978,1131616,COG0125
CP083911.1_1019,1133184,1134191,COG1559
CP083911.1_1020,1134288,1135232,COG0354
CP083911.1_1021,1135237,1136088,COG3332
CP083911.1_1022,1136040,1136897,COG0824
CP083911.1_1023,1136943,1138946,COG0826
CP083911.1_1024,1138989,1139555,COG3945
CP083911.1_1025,1139639,1143697,COG0046
CP083911.1_1026,1143884,1144534,COG2010
CP083911.1_1027,1144551,1145348,COG3258
CP083911.1_1028,1145428,1145739,COG5501
CP083911.1_1029,1145791,1146249,COG5501
CP083911.1_1030,1146486,1147079,COG1335
CP083911.1_1031,1147161,1147829,COG0791
CP083911.1_1032,1147862,1148080,COG2841
CP083911.1_1033,1148211,1150505,COG1982
CP083911.1_1034,1150647,1151096,COG1585
CP083911.1_1035,1151145,1152059,COG0330
CP083911.1_1039,1153867,1156752,COG3378
CP083911.1_1041,1156937,1157176,COG3311
CP083911.1_1043,1158413,1159621,COG0582
CP083911.1_1044,1159813,1161915,COG2202
CP083911.1_1045,1161977,1163116,COG1485
CP083911.1_1046,1163124,1164551,COG1249
CP083911.1_1047,1164570,1165838,COG0508
CP083911.1_1048,1165915,1168797,COG0567
CP083911.1_1049,1169007,1169900,COG2801
CP083911.1_1050,1169897,1170289,COG2963
CP083911.1_1051,1170378,1170749,COG0640
CP083911.1_1052,1170836,1172740,COG0365
CP083911.1_1054,1173572,1174297,COG0847
CP083911.1_1055,1174310,1174648,COG0633
CP083911.1_1056,1174649,1176544,COG0443
CP083911.1_1057,1176562,1177128,COG1076
CP083911.1_1058,1177085,1177408,COG0316
CP083911.1_1059,1177490,1177891,COG0822
CP083911.1_1060,1177923,1179143,COG1104
CP083911.1_1061,1179174,1179707,COG1959
CP083911.1_1062,1179908,1181047,COG4585
CP083911.1_1063,1181321,1181977,COG2197
CP083911.1_1064,1182039,1184117,COG0556
CP083911.1_1065,1184228,1185427,COG1448
CP083911.1_1066,1185536,1186921,COG4553
CP083911.1_1067,1186918,1187658,COG2878
CP083911.1_1068,1187835,1188338,COG0346
CP083911.1_1069,1188335,1190386,COG4770
CP083911.1_1070,1190406,1191938,COG4799
CP083911.1_1071,1191951,1192739,COG1718
CP083911.1_1072,1192733,1193794,COG1703
CP083911.1_1073,1193791,1195956,COG1884
CP083911.1_1074,1196050,1196697,COG1802
CP083911.1_1075,1196828,1197868,COG0042
CP083911.1_1076,1197989,1198729,COG1028
CP083911.1_1077,1198775,1199956,COG0183
CP083911.1_1078,1199996,1201816,COG3243
CP083911.1_1079,1202022,1202357,2E3TT
CP083911.1_1080,1202259,1203089,COG1496
CP083911.1_1081,1203079,1203753,COG0625
CP083911.1_1083,1204282,1204857,COG1051
CP083911.1_1084,1205301,1205642,COG2198
CP083911.1_1085,1205648,1206709,COG3115
CP083911.1_1086,1206706,1210236,COG1196
CP083911.1_1087,1210278,1211522,COG0436
CP083911.1_1088,1211562,1212386,COG2171
CP083911.1_1089,1212415,1213599,COG5008
CP083911.1_1090,1213605,1214804,COG0624
CP083911.1_1091,1214925,1215956,COG3039
CP083911.1_1092,1216087,1217076,COG0457
CP083911.1_1093,1217087,1218691,COG3034
CP083911.1_1094,1218688,1219626,COG2890
CP083911.1_1095,1219623,1221629,COG0488
CP083911.1_1096,1221661,1222650,COG0144
CP083911.1_1097,1222658,1223881,COG0477
CP083911.1_1098,1223952,1224959,COG0111
CP083911.1_1101,1227415,1228950,COG1250
CP083911.1_1102,1228955,1229734,COG1024
CP083911.1_1103,1229761,1230510,COG0664
CP083911.1_1104,1230562,1231641,COG3173
CP083911.1_1105,1231671,1232930,COG1960
CP083911.1_1106,1232998,1235418,COG2804
CP083911.1_1107,1235455,1235676,2DNMC
CP083911.1_1108,1235681,1236490,COG5473
CP083911.1_1109,1236606,1238246,COG1123
CP083911.1_1110,1238243,1239295,COG4239
CP083911.1_1111,1239309,1240337,COG4174
CP083911.1_1112,1240365,1242287,COG4166
CP083911.1_1113,1242331,1243137,COG0623
CP083911.1_1114,1243240,1243866,COG2863
CP083911.1_1115,1244083,1246056,COG1249
CP083911.1_1116,1246069,1247544,COG0508
CP083911.1_1117,1247560,1250277,COG2609
CP083911.1_1118,1250517,1253090,COG3829
CP083911.1_1119,1253087,1253716,COG4566
CP083911.1_1120,1253727,1254578,COG0190
CP083911.1_1121,1254597,1255070,2DNDV
CP083911.1_1122,1255067,1255543,COG0782
CP083911.1_1123,1255796,1259065,COG0458
CP083911.1_1124,1259070,1260242,COG0505
CP083911.1_1125,1260392,1261180,COG0566
CP083911.1_1126,1261177,1261824,COG0164
CP083911.1_1127,1261821,1263008,COG0763
CP083911.1_1128,1263017,1263811,COG1043
CP083911.1_1129,1263822,1264265,COG0764
CP083911.1_1130,1264262,1265272,COG1044
CP083911.1_1131,1265326,1265844,COG2825
CP083911.1_1132,1265844,1268156,COG4775
CP083911.1_1133,1268178,1269539,COG0750
CP083911.1_1134,1269591,1270802,COG0743
CP083911.1_1135,1270854,1271693,COG0575
CP083911.1_1136,1271720,1272481,COG0020
CP083911.1_1137,1272489,1273052,COG0233
CP083911.1_1138,1273076,1273786,COG0528
CP083911.1_1139,1273913,1274809,COG0264
CP083911.1_1140,1274922,1275650,COG0052
CP083911.1_1141,1275975,1277549,COG0062
CP083911.1_1142,1277895,1278524,COG1525
CP083911.1_1143,1278543,1279421,COG1414
CP083911.1_1144,1279547,1280740,COG0654
CP083911.1_1145,1280698,1283067,COG1032
CP083911.1_1146,1283212,1283724,COG2030
CP083911.1_1147,1283775,1284719,COG0657
CP083911.1_1148,1284924,1286072,COG1454
CP083911.1_1149,1286086,1287180,COG1752
CP083911.1_1150,1287180,1287986,COG1639
CP083911.1_1151,1287996,1288823,COG1639
CP083911.1_1152,1288851,1291184,COG2183
CP083911.1_1153,1291286,1293799,COG0835
CP083911.1_1154,1293814,1294722,COG1028
CP083911.1_1155,1294911,1296566,COG1960
CP083911.1_1156,1296647,1297663,COG2130
CP083911.1_1157,1297806,1298276,COG2050
CP083911.1_1158,1298257,1299048,COG1028
CP083911.1_1159,1299095,1300951,COG1960
CP083911.1_1160,1300951,1302126,COG0183
CP083911.1_1161,1302160,1304277,COG1024
CP083911.1_1162,1304618,1305577,COG2801
CP083911.1_1163,1305738,1306982,COG1373
CP083911.1_1164,1307213,1309405,COG2176
CP083911.1_1165,1309402,1309776,COG0745
CP083911.1_1166,1309748,1312540,COG0591
CP083911.1_1168,1312798,1315191,COG0574
CP083911.1_1169,1315370,1316188,COG1806
CP083911.1_1170,1316232,1316600,2DMM5
CP083911.1_1171,1316714,1318567,COG4147
CP083911.1_1172,1318584,1318844,COG4327
CP083911.1_1173,1319140,1319733,COG0406
CP083911.1_1174,1319739,1320590,COG0368
CP083911.1_1175,1320684,1321736,COG2038
CP083911.1_1176,1321742,1323220,COG1492
CP083911.1_1177,1323220,1324233,COG0079
CP083911.1_1178,1324248,1325234,COG1270
CP083911.1_1179,1325227,1325724,COG1240
CP083911.1_1180,1325934,1327115,COG1239
CP083911.1_1181,1327082,1330870,COG1429
CP083911.1_1182,1330917,1332011,COG0523
CP083911.1_1183,1332028,1332597,COG2109
CP083911.1_1184,1332605,1333390,COG2243
CP083911.1_1185,1333375,1334196,COG2875
CP083911.1_1186,1334193,1335314,COG2241
CP083911.1_1187,1335385,1336128,COG2099
CP083911.1_1188,1336034,1336870,COG1010
CP083911.1_1189,1336867,1337604,COG2243
CP083911.1_1190,1337604,1338233,COG2082
CP083911.1_1191,1338230,1339336,COG0155
CP083911.1_1192,1339424,1340101,COG0310
CP083911.1_1193,1340148,1341200,COG0502
CP083911.1_1194,1341205,1342032,COG1120
CP083911.1_1195,1342029,1343099,COG0609
CP083911.1_1196,1343099,1344034,COG0614
CP083911.1_1197,1344031,1344609,COG2087
CP083911.1_1198,1344587,1346188,COG0614
CP083911.1_1199,1346172,1347533,COG1797
CP083911.1_1200,1347540,1349345,COG4206
CP083911.1_1201,1349681,1349917,2E3H4
CP083911.1_1202,1349914,1350282,COG3027
CP083911.1_1203,1350567,1351379,COG0730
CP083911.1_1204,1351358,1351867,COG0684
CP083911.1_1205,1352102,1352458,COG5531
CP083911.1_1206,1352587,1353774,COG0683
CP083911.1_1208,1354226,1354714,COG2927
CP083911.1_1209,1354723,1356228,COG0260
CP083911.1_1210,1356259,1357371,COG0795
CP083911.1_1211,1357368,1358477,COG0795
CP083911.1_1212,1358498,1359442,COG0583
CP083911.1_1213,1359522,1360739,COG0436
CP083911.1_1214,1360765,1364850,COG1643
CP083911.1_1215,1364970,1366316,COG0548
CP083911.1_1217,1366886,1368109,COG2850
CP083911.1_1218,1368124,1368621,COG1047
CP083911.1_1219,1368690,1369139,COG0756
CP083911.1_1220,1369200,1371065,COG4664
CP083911.1_1221,1371028,1371639,COG4665
CP083911.1_1222,1371805,1372884,COG4663
CP083911.1_1223,1373076,1374980,COG1154
CP083911.1_1224,1375094,1376032,COG0142
CP083911.1_1225,1376029,1376241,COG1722
CP083911.1_1226,1376572,1377732,COG4638
CP083911.1_1227,1377732,1378706,COG0697
CP083911.1_1228,1378703,1379584,COG2897
CP083911.1_1229,1379999,1381576,COG0840
CP083911.1_1230,1381769,1384585,COG0258
CP083911.1_1231,1384643,1384939,2EC30
CP083911.1_1232,1384946,1385899,COG2334
CP083911.1_1233,1385916,1386686,COG5473
CP083911.1_1234,1386765,1388990,COG3211
CP083911.1_1235,1389018,1390286,COG0665
CP083911.1_1236,1390309,1392744,COG0210
CP083911.1_1237,1392767,1393723,COG1360
CP083911.1_1238,1393720,1394589,COG1291
CP083911.1_1239,1394913,1395890,COG0516
CP083911.1_1240,1395991,1397352,COG0513
CP083911.1_1241,1397489,1399096,COG0306
CP083911.1_1242,1399159,1399761,COG1949
CP083911.1_1243,1399877,1401169,COG0501
CP083911.1_1244,1401166,1402104,COG1162
CP083911.1_1245,1402145,1403071,COG1270
CP083911.1_1246,1403068,1403727,COG0494
CP083911.1_1247,1403928,1405232,COG0334
CP083911.1_1248,1405273,1405749,COG5319
CP083911.1_1249,1405746,1406408,COG0494
CP083911.1_1250,1406431,1406730,2BW9S
CP083911.1_1251,1406750,1408231,COG1007
CP083911.1_1252,1408268,1409743,COG1008
CP083911.1_1253,1409757,1411787,COG1009
CP083911.1_1254,1411819,1412139,COG0713
CP083911.1_1255,1412136,1412783,COG0839
CP083911.1_1256,1412808,1413317,COG1143
CP083911.1_1257,1413329,1414411,COG1005
CP083911.1_1258,1414408,1416567,COG1034
CP083911.1_1259,1416581,1417933,COG1894
CP083911.1_1260,1417930,1418463,COG1905
CP083911.1_1261,1418460,1419713,COG0649
CP083911.1_1262,1419729,1420379,COG0852
CP083911.1_1263,1420411,1420890,COG0377
CP083911.1_1264,1420930,1421289,COG0838
CP083911.1_1265,1421544,1421894,COG1314
CP083911.1_1266,1421935,1422678,COG0149
CP083911.1_1267,1422705,1423718,COG0604
CP083911.1_1268,1423746,1425869,COG1185
CP083911.1_1269,1426122,1426388,COG0184
CP083911.1_1270,1426550,1427884,COG0683
CP083911.1_1271,1428090,1429163,COG0533
CP083911.1_1272,1429244,1433797,COG5001
CP083911.1_1273,1434489,1435892,COG0008
CP083911.1_1274,1435926,1437158,COG0626
CP083911.1_1275,1437162,1438676,COG0034
CP083911.1_1276,1438692,1439177,COG1286
CP083911.1_1277,1439181,1439408,COG3147
CP083911.1_1278,1439573,1439962,COG3147
CP083911.1_1279,1439966,1441315,COG0285
CP083911.1_1280,1441533,1441910,COG1393
CP083911.1_1281,1442088,1442414,COG3123
CP083911.1_1282,1442478,1443803,COG0137
CP083911.1_1283,1443886,1444938,COG2267
CP083911.1_1285,1445627,1446682,COG0812
CP083911.1_1286,1446729,1447214,COG1666
CP083911.1_1287,1447228,1448178,COG2206
CP083911.1_1288,1448198,1448854,COG0344
CP083911.1_1289,1449046,1450122,COG0667
CP083911.1_1290,1450225,1452018,COG0365
CP083911.1_1291,1452039,1453061,COG2267
CP083911.1_1292,1453063,1453941,COG0697
CP083911.1_1293,1454380,1455273,COG1186
CP083911.1_1294,1455299,1457962,COG0308
CP083911.1_1295,1458023,1459075,COG0158
CP083911.1_1298,1459649,1460251,COG5519
CP083911.1_1299,1460233,1460463,COG5519
CP083911.1_1300,1460898,1461989,COG2801
CP083911.1_1302,1464004,1465494,COG3039
CP083911.1_1305,1466414,1466677,COG1872
CP083911.1_1307,1467435,1468508,COG0845
CP083911.1_1308,1468505,1471579,COG0841
CP083911.1_1309,1471590,1471871,COG2026
CP083911.1_1310,1471861,1472115,COG2161
CP083911.1_1311,1472220,1473437,COG0452
CP083911.1_1312,1473555,1475213,COG0504
CP083911.1_1313,1475210,1476067,COG2877
CP083911.1_1314,1476118,1476408,COG5470
CP083911.1_1315,1476454,1477737,COG0148
CP083911.1_1316,1477749,1478090,COG2919
CP083911.1_1317,1478148,1479131,COG1281
CP083911.1_1318,1479137,1479661,COG0663
CP083911.1_1319,1479678,1480565,COG2833
CP083911.1_1320,1480610,1481521,COG4974
CP083911.1_1321,1481528,1482337,COG0491
CP083911.1_1322,1482393,1483988,COG0741
CP083911.1_1323,1483997,1484956,COG2801
CP083911.1_1324,1485635,1488055,COG0466
CP083911.1_1325,1488139,1489404,COG1219
CP083911.1_1326,1489469,1490077,COG0740
CP083911.1_1327,1490296,1491606,COG0544
CP083911.1_1328,1491868,1493130,COG1055
CP083911.1_1329,1493360,1494394,COG2199
CP083911.1_1330,1494557,1495447,COG1562
CP083911.1_1331,1495452,1496555,COG0845
CP083911.1_1332,1496577,1499714,COG0841
CP083911.1_1333,1499711,1500589,COG1562
CP083911.1_1334,1500609,1501997,COG1232
CP083911.1_1335,1501969,1502628,COG0625
CP083911.1_1336,1502622,1503443,COG1011
CP083911.1_1337,1503463,1504554,COG0276
CP083911.1_1338,1504559,1505020,COG1188
CP083911.1_1339,1505053,1505640,COG2128
CP083911.1_1340,1505709,1506137,COG0824
CP083911.1_1341,1506267,1507952,COG0644
CP083911.1_1342,1508439,1509587,COG0404
CP083911.1_1343,1509627,1509992,COG0509
CP083911.1_1344,1510006,1512945,COG0403
CP083911.1_1345,1512962,1513936,COG3547
CP083911.1_1346,1514299,1514931,COG2860
CP083911.1_1347,1514938,1515789,COG3384
CP083911.1_1348,1515924,1516757,COG0169
CP083911.1_1349,1516773,1517732,COG0176
CP083911.1_1350,1517753,1518454,COG0625
CP083911.1_1351,1518497,1518970,COG0789
CP083911.1_1352,1519072,1520043,COG1230
CP083911.1_1353,1520088,1520324,COG0526
CP083911.1_1354,1520331,1521287,COG0491
CP083911.1_1355,1521311,1522357,COG0701
CP083911.1_1356,1522591,1525401,COG5001
CP083911.1_1357,1525398,1526261,COG3221
CP083911.1_1358,1526317,1527741,COG0312
CP083911.1_1359,1527764,1528408,COG3028
CP083911.1_1360,1528445,1529041,COG0521
CP083911.1_1361,1529144,1529914,COG1045
CP083911.1_1362,1529986,1530825,COG0565
CP083911.1_1363,1530920,1531897,COG0483
CP083911.1_1364,1531914,1534592,COG0249
CP083911.1_1365,1534772,1535464,COG2518
CP083911.1_1366,1535476,1535826,COG0607
CP083911.1_1367,1535901,1537280,COG1538
CP083911.1_1368,1537255,1538691,COG1519
CP083911.1_1369,1538681,1539805,COG0438
CP083911.1_1370,1539792,1541192,COG1109
CP083911.1_1371,1541417,1542319,COG0697
CP083911.1_1372,1542267,1542626,COG0776
CP083911.1_1373,1542673,1545090,COG0072
CP083911.1_1374,1545112,1546182,COG0016
CP083911.1_1375,1546298,1546678,COG0292
CP083911.1_1376,1546717,1546920,COG0291
CP083911.1_1377,1547303,1547755,COG0290
CP083911.1_1378,1547924,1549849,COG0441
CP083911.1_1379,1550224,1550802,COG0778
CP083911.1_1380,1550955,1552274,COG2224
CP083911.1_1381,1552554,1553222,COG0596
CP083911.1_1382,1553387,1554484,COG0379
CP083911.1_1383,1554531,1555427,COG0157
CP083911.1_1384,1555678,1556553,COG0413
CP083911.1_1385,1556563,1557414,COG0414
CP083911.1_1386,1557583,1558605,COG0240
CP083911.1_1387,1558666,1559115,COG1952
CP083911.1_1388,1559249,1559509,COG0695
CP083911.1_1389,1559532,1559939,COG0607
CP083911.1_1390,1560052,1560795,COG0588
CP083911.1_1391,1560948,1562420,COG0793
CP083911.1_1392,1562431,1563192,COG0476
CP083911.1_1393,1563208,1563633,COG3431
CP083911.1_1394,1563638,1564369,COG0302
CP083911.1_1395,1564480,1566135,COG1672
CP083911.1_1396,1566262,1567500,COG1502
CP083911.1_1397,1567497,1568258,COG3568
CP083911.1_1398,1568391,1568624,COG4456
CP083911.1_1399,1568621,1569022,COG1487
CP083911.1_1400,1568952,1569443,COG1051
CP083911.1_1401,1569526,1570215,COG1442
CP083911.1_1402,1570229,1570786,COG2227
CP083911.1_1404,1573097,1574560,COG1344
CP083911.1_1405,1574672,1576087,COG1345
CP083911.1_1406,1576289,1577749,COG1344
CP083911.1_1407,1577995,1578435,COG1516
CP083911.1_1408,1578432,1578803,COG1516
CP083911.1_1409,1578896,1579294,COG1677
CP083911.1_1410,1579442,1581172,COG1766
CP083911.1_1411,1581200,1582201,COG1536
CP083911.1_1412,1582188,1582916,COG1317
CP083911.1_1413,1582909,1584372,COG1157
CP083911.1_1416,1586144,1586683,COG1580
CP083911.1_1417,1586720,1587733,COG1868
CP083911.1_1418,1587723,1588163,COG1886
CP083911.1_1420,1588568,1589338,COG1338
CP083911.1_1421,1589390,1589659,COG1987
CP083911.1_1422,1589695,1590471,COG1684
CP083911.1_1423,1590578,1591207,COG2197
CP083911.1_1424,1591204,1592301,COG0784
CP083911.1_1425,1592613,1593071,2CBCJ
CP083911.1_1426,1593099,1593461,COG0745
CP083911.1_1427,1593501,1595798,COG0643
CP083911.1_1428,1595812,1596651,COG1352
CP083911.1_1429,1596648,1597283,COG1871
CP083911.1_1430,1597299,1598399,COG2201
CP083911.1_1432,1599522,1600457,COG0115
CP083911.1_1433,1600466,1600690,COG4391
CP083911.1_1435,1602018,1603184,COG0438
CP083911.1_1436,1603179,1603940,COG3306
CP083911.1_1437,1603953,1604444,COG2050
CP083911.1_1438,1604456,1605220,COG1024
CP083911.1_1439,1605232,1606467,COG0183
CP083911.1_1440,1606489,1608900,COG1024
CP083911.1_1441,1608929,1609375,COG4731
CP083911.1_1442,1609404,1611200,COG1960
CP083911.1_1443,1611270,1611944,COG1309
CP083911.1_1444,1612197,1613099,COG0548
CP083911.1_1445,1613149,1614663,COG3025
CP083911.1_1446,1614737,1617490,COG0474
CP083911.1_1447,1617713,1619059,COG0621
CP083911.1_1448,1619076,1619870,COG0708
CP083911.1_1449,1619971,1621590,COG2204
CP083911.1_1450,1621634,1622731,COG3852
CP083911.1_1451,1622739,1623323,2BWQ4
CP083911.1_1452,1623431,1624846,COG0174
CP083911.1_1453,1624948,1625829,COG1058
CP083911.1_1454,1625826,1626755,COG2981
CP083911.1_1455,1626929,1627699,COG1187
CP083911.1_1456,1627775,1628377,COG3216
CP083911.1_1457,1628394,1629668,COG3071
CP083911.1_1458,1629732,1630859,COG2959
CP083911.1_1459,1630856,1631638,COG1587
CP083911.1_1460,1631642,1632658,COG0181
CP083911.1_1461,1632668,1633483,COG3279
CP083911.1_1462,1633608,1635068,COG0165
CP083911.1_1463,1635238,1636536,COG0421
CP083911.1_1464,1636764,1637432,COG2863
CP083911.1_1465,1637565,1638407,COG0714
CP083911.1_1466,1638461,1639648,COG3825
CP083911.1_1467,1639907,1640170,2EHY9
CP083911.1_1468,1640173,1640571,COG3628
CP083911.1_1471,1641832,1642257,COG3499
CP083911.1_1475,1644903,1645148,2EFU7
CP083911.1_1477,1645368,1645874,COG3498
CP083911.1_1478,1645890,1647056,COG3497
CP083911.1_1479,1647049,1647318,2EHY9
CP083911.1_1481,1647875,1648429,COG3344
CP083911.1_1482,1648491,1649987,COG3039
CP083911.1_1483,1650071,1650760,COG3344
CP083911.1_1484,1650757,1651185,2DMHJ
CP083911.1_1485,1651185,1653179,COG5301
CP083911.1_1486,1653194,1655434,COG2188
CP083911.1_1487,1655438,1656655,COG4385
CP083911.1_1488,1656648,1657592,COG3948
CP083911.1_1489,1657583,1658134,COG4540
CP083911.1_1491,1658694,1659203,COG5005
CP083911.1_1494,1659829,1660809,28H75
CP083911.1_1495,1660823,1661194,2A916
CP083911.1_1497,1662257,1663606,COG2369
CP083911.1_1501,1665801,1666826,COG1783
CP083911.1_1502,1667027,1667530,2ES8B
CP083911.1_1504,1668036,1668524,COG3772
CP083911.1_1506,1668955,1669428,2DRKI
CP083911.1_1508,1670849,1673329,COG5519
CP083911.1_1510,1673674,1673961,COG4197
CP083911.1_1511,1674507,1675232,2BR2Q
CP083911.1_1512,1675229,1676080,29KJT
CP083911.1_1513,1676154,1677044,2A4M6
CP083911.1_1517,1678687,1679415,COG1100
CP083911.1_1518,1679429,1679911,2CEI6
CP083911.1_1519,1679917,1680978,28J3M
CP083911.1_1520,1680975,1682582,COG1061
CP083911.1_1522,1683176,1683685,COG0756
CP083911.1_1531,1687496,1688536,COG3617
CP083911.1_1532,1688540,1689574,COG0582
CP083911.1_1533,1689759,1691456,COG1178
CP083911.1_1534,1691468,1692631,COG3842
CP083911.1_1536,1693247,1693750,COG2847
CP083911.1_1538,1694345,1694980,COG1999
CP083911.1_1539,1695570,1697876,COG0280
CP083911.1_1540,1698906,1700609,COG5293
CP083911.1_1542,1700832,1701767,COG5635
CP083911.1_1544,1702227,1703108,COG1989
CP083911.1_1545,1703105,1703725,COG0237
CP083911.1_1546,1703733,1704491,COG4582
CP083911.1_1547,1704488,1704694,COG3024
CP083911.1_1548,1704691,1705275,COG0517
CP083911.1_1549,1705321,1705881,COG0494
CP083911.1_1550,1705841,1706728,COG2607
CP083911.1_1551,1706736,1707971,COG1364
CP083911.1_1552,1707989,1710745,COG0653
CP083911.1_1553,1710888,1711211,COG4701
CP083911.1_1554,1711321,1711569,COG2161
CP083911.1_1555,1711566,1711979,COG1487
CP083911.1_1556,1711998,1713161,COG2133
CP083911.1_1557,1713209,1716088,COG1061
CP083911.1_1558,1716085,1718007,COG2865
CP083911.1_1560,1718926,1720092,COG4637
CP083911.1_1561,1720095,1723376,COG2189
CP083911.1_1562,1723641,1724594,COG0568
CP083911.1_1563,1724604,1725011,COG1895
CP083911.1_1564,1725008,1725346,COG1708
CP083911.1_1565,1725476,1727032,COG1190
CP083911.1_1566,1727127,1727855,COG0410
CP083911.1_1567,1727858,1728628,COG0411
CP083911.1_1568,1728639,1729739,COG4177
CP083911.1_1569,1729764,1730693,COG0559
CP083911.1_1570,1730952,1732289,COG2256
CP083911.1_1571,1732356,1732967,COG1280
CP083911.1_1572,1733021,1733746,COG2834
CP083911.1_1573,1733743,1736211,COG1674
CP083911.1_1574,1736502,1737461,COG0492
CP083911.1_1575,1737889,1738122,COG0227
CP083911.1_1576,1738142,1738312,COG0267
CP083911.1_1577,1738457,1739686,COG1398
CP083911.1_1578,1739923,1740675,COG4544
CP083911.1_1580,1741936,1745367,COG0587
CP083911.1_1581,1745509,1746246,COG1974
CP083911.1_1582,1746368,1747360,COG1161
CP083911.1_1584,1747502,1748203,COG0546
CP083911.1_1585,1748312,1748623,COG2916
CP083911.1_1586,1748674,1749657,COG0564
CP083911.1_1587,1750236,1752107,COG1530
CP083911.1_1589,1753396,1753896,COG2703
CP083911.1_1590,1754014,1755168,COG1304
CP083911.1_1591,1755436,1757166,COG0737
CP083911.1_1592,1757288,1757599,COG5501
CP083911.1_1593,1757651,1758103,COG5501
CP083911.1_1594,1758156,1758482,COG4654
CP083911.1_1595,1758562,1759668,COG3258
CP083911.1_1596,1759668,1761011,COG2041
CP083911.1_1597,1761004,1761381,COG0640
CP083911.1_1598,1761505,1762212,COG1136
CP083911.1_1599,1762205,1763374,COG4591
CP083911.1_1600,1763701,1764531,COG4255
CP083911.1_1601,1764528,1766273,COG0608
CP083911.1_1602,1766270,1766929,COG0564
CP083911.1_1603,1767015,1767248,COG4118
CP083911.1_1604,1767245,1767640,COG3744
CP083911.1_1605,1767717,1768616,COG1752
CP083911.1_1606,1768675,1769313,COG2057
CP083911.1_1607,1769342,1770046,COG1788
CP083911.1_1608,1770141,1770713,COG2197
CP083911.1_1609,1771097,1771726,COG1595
CP083911.1_1610,1771723,1772415,COG5343
CP083911.1_1611,1772547,1773215,2EBAY
CP083911.1_1612,1773313,1773900,COG1633
CP083911.1_1613,1774118,1775005,COG0780
CP083911.1_1614,1775005,1775961,COG3751
CP083911.1_1615,1776003,1776785,COG3022
CP083911.1_1616,1776895,1779456,COG1203
CP083911.1_1617,1779449,1781053,28JFH
CP083911.1_1618,1781050,1781565,2E7V2
CP083911.1_1619,1781581,1782723,COG1857
CP083911.1_1620,1782729,1783442,2CH9B
CP083911.1_1621,1783439,1784140,2DC1X
CP083911.1_1622,1784137,1785039,COG1518
CP083911.1_1623,1785011,1785322,2CJ5C
CP083911.1_1625,1786370,1787866,COG3039
CP083911.1_1626,1789132,1790091,COG2801
CP083911.1_1627,1790590,1792110,2A20J
CP083911.1_1628,1792751,1793086,COG4226
CP083911.1_1629,1793083,1793346,2CT64
CP083911.1_1630,1793535,1794140,COG0247
CP083911.1_1631,1794228,1795577,COG0247
CP083911.1_1632,1795754,1796176,COG1592
CP083911.1_1633,1796544,1799588,COG0525
CP083911.1_1634,1799761,1799988,COG0425
CP083911.1_1635,1800289,1801242,COG0031
CP083911.1_1636,1801485,1802447,COG0451
CP083911.1_1637,1802560,1803594,COG0543
CP083911.1_1638,1803932,1804582,COG1999
CP083911.1_1639,1804579,1805493,COG0109
CP083911.1_1640,1805490,1806647,COG1612
CP083911.1_1641,1806655,1807374,COG1999
CP083911.1_1642,1807331,1808083,COG3346
CP083911.1_1643,1808090,1808323,2E53D
CP083911.1_1644,1808445,1809326,COG1845
CP083911.1_1645,1809382,1809597,2CDU3
CP083911.1_1646,1809594,1810193,COG3175
CP083911.1_1648,1810346,1811971,COG0843
CP083911.1_1649,1812016,1813227,COG1622
CP083911.1_1650,1813365,1813859,COG5488
CP083911.1_1651,1813960,1814922,COG4106
CP083911.1_1652,1815032,1815748,COG1040
CP083911.1_1653,1815759,1816250,COG0219
CP083911.1_1654,1816241,1816696,COG2030
CP083911.1_1655,1816775,1817209,2AFCJ
CP083911.1_1656,1817946,1818863,COG0741
CP083911.1_1657,1819060,1820304,COG0112
CP083911.1_1658,1820311,1820760,COG1327
CP083911.1_1659,1820729,1821583,COG2972
CP083911.1_1665,1824949,1825980,COG3039
CP083911.1_1666,1826156,1829656,COG3419
CP083911.1_1667,1829692,1830102,COG4968
CP083911.1_1668,1830140,1830778,COG0307
CP083911.1_1669,1830834,1831994,COG0108
CP083911.1_1670,1831991,1832461,COG0054
CP083911.1_1671,1832554,1833009,COG0781
CP083911.1_1672,1832987,1833460,COG0824
CP083911.1_1673,1833457,1834146,COG0811
CP083911.1_1674,1834190,1834645,COG0848
CP083911.1_1675,1834656,1835570,COG0810
CP083911.1_1676,1835671,1836822,COG0265
CP083911.1_1677,1836822,1837391,COG3431
CP083911.1_1678,1837384,1840950,COG0587
CP083911.1_1679,1841008,1841562,COG0655
CP083911.1_1680,1841652,1842374,COG1741
CP083911.1_1681,1842481,1843473,COG0583
CP083911.1_1682,1843646,1844791,COG3380
CP083911.1_1683,1844791,1845723,COG0008
CP083911.1_1684,1845946,1846719,COG0220
CP083911.1_1685,1846709,1847860,COG0117
CP083911.1_1686,1847871,1848827,COG0564
CP083911.1_1687,1848824,1849864,COG1835
CP083911.1_1688,1849916,1850323,COG1669
CP083911.1_1689,1850320,1850640,COG1708
CP083911.1_1690,1850708,1853347,COG0013
CP083911.1_1691,1853380,1854450,COG2070
CP083911.1_1692,1854497,1855078,COG0262
CP083911.1_1693,1855030,1855419,COG0138
CP083911.1_1694,1855404,1855730,COG1708
CP083911.1_1695,1855786,1856403,COG3235
CP083911.1_1696,1856496,1857860,COG0541
CP083911.1_1697,1857919,1858686,COG4137
CP083911.1_1698,1858699,1858947,2EHK0
CP083911.1_1699,1858919,1860649,COG0642
CP083911.1_1700,1860693,1860977,COG1669
CP083911.1_1701,1861000,1861353,COG2361
CP083911.1_1702,1861493,1861822,COG1669
CP083911.1_1703,1861934,1863715,COG2204
CP083911.1_1704,1864023,1864415,COG2963
CP083911.1_1705,1864412,1865305,COG2801
CP083911.1_1706,1865333,1865563,COG1848
CP083911.1_1707,1865563,1865832,2DP6R
CP083911.1_1708,1866031,1866483,COG1708
CP083911.1_1709,1866480,1866785,COG1708
CP083911.1_1710,1866990,1867346,COG4968
CP083911.1_1711,1867847,1869742,COG0457
CP083911.1_1712,1869739,1870596,COG0463
CP083911.1_1713,1870598,1871719,COG0438
CP083911.1_1714,1871723,1872736,COG0438
CP083911.1_1715,1872728,1873192,COG0677
CP083911.1_1716,1873719,1874750,COG3039
CP083911.1_1717,1874828,1875586,COG0500
CP083911.1_1718,1875758,1877032,COG0677
CP083911.1_1719,1877112,1878005,COG2801
CP083911.1_1720,1878002,1878394,COG2963
CP083911.1_1721,1878443,1879480,COG0451
CP083911.1_1722,1879518,1879994,2C4WJ
CP083911.1_1723,1879979,1880287,COG1708
CP083911.1_1724,1880396,1881937,COG1672
CP083911.1_1725,1882024,1882674,COG4636
CP083911.1_1726,1882660,1883607,COG0761
CP083911.1_1727,1883609,1884055,COG1047
CP083911.1_1728,1884177,1884848,COG2003
CP083911.1_1729,1885014,1885676,COG2840
CP083911.1_1730,1885708,1888266,COG3127
CP083911.1_1731,1888289,1888933,COG0035
CP083911.1_1732,1888930,1889811,COG1526
CP083911.1_1734,1890211,1891374,COG2864
CP083911.1_1735,1891391,1891645,2EIHA
CP083911.1_1736,1891648,1892250,COG0437
CP083911.1_1737,1892261,1895224,COG0243
CP083911.1_1739,1895863,1897290,COG2204
CP083911.1_1740,1897287,1899332,COG4191
CP083911.1_1741,1899343,1899975,COG3381
CP083911.1_1742,1899992,1902100,COG1148
CP083911.1_1743,1902097,1902816,2DNW4
CP083911.1_1744,1902813,1903439,2DBXD
CP083911.1_1745,1903587,1904678,COG0489
CP083911.1_1746,1904944,1907058,COG0073
CP083911.1_1747,1907235,1908908,COG0659
CP083911.1_1748,1908948,1909160,2E9SN
CP083911.1_1749,1909157,1910005,COG1354
CP083911.1_1750,1910025,1911644,COG0029
CP083911.1_1751,1911641,1912597,COG0697
CP083911.1_1752,1912566,1913237,COG2836
CP083911.1_1753,1913290,1914669,COG0635
CP083911.1_1754,1914905,1915627,COG0664
CP083911.1_1755,1915679,1916008,2EFX9
CP083911.1_1756,1916044,1916337,COG3198
CP083911.1_1757,1916408,1917823,COG0348
CP083911.1_1758,1917923,1918828,COG2010
CP083911.1_1759,1918848,1918985,COG4736
CP083911.1_1760,1918998,1919699,COG2993
CP083911.1_1761,1919710,1921149,COG3278
CP083911.1_1762,1921220,1921357,COG3197
CP083911.1_1763,1921362,1923749,COG2217
CP083911.1_1764,1923895,1924338,COG0589
CP083911.1_1765,1924422,1925969,COG0318
CP083911.1_1766,1925966,1926766,COG0682
CP083911.1_1768,1927151,1929061,COG0129
CP083911.1_1769,1929151,1929390,2E54W
CP083911.1_1770,1929585,1929890,COG4654
CP083911.1_1771,1930012,1932006,COG0365
CP083911.1_1772,1932151,1932744,COG2862
CP083911.1_1773,1932782,1934332,COG1838
CP083911.1_1774,1934586,1935209,2CCFR
CP083911.1_1775,1935356,1935634,COG3549
CP083911.1_1776,1935646,1935960,COG3093
CP083911.1_1777,1936185,1937537,COG0144
CP083911.1_1778,1937837,1939453,COG4108
CP083911.1_1779,1939497,1940078,COG1238
CP083911.1_1780,1940109,1941440,COG3182
CP083911.1_1782,1942096,1942725,COG0299
CP083911.1_1783,1942831,1944003,COG1960
CP083911.1_1784,1944034,1945146,COG1960
CP083911.1_1785,1945262,1946920,COG2303
CP083911.1_1786,1946966,1948420,COG1012
CP083911.1_1787,1948424,1950574,28HUW
CP083911.1_1788,1950686,1951243,COG1403
CP083911.1_1789,1951300,1952364,COG0196
CP083911.1_1790,1952361,1955261,COG0060
CP083911.1_1791,1955274,1955783,COG0597
CP083911.1_1792,1955949,1957484,COG0840
CP083911.1_1795,1958793,1959341,29W5V
CP083911.1_1796,1959367,1960356,COG0604
CP083911.1_1797,1960600,1961538,COG0697
CP083911.1_1798,1961799,1962605,COG1028
CP083911.1_1799,1962749,1963774,COG3409
CP083911.1_1800,1963807,1965105,COG2199
CP083911.1_1801,1965086,1966006,COG0697
CP083911.1_1802,1966003,1966800,COG0421
CP083911.1_1803,1966797,1967354,COG3663
CP083911.1_1804,1967351,1968223,COG0084
CP083911.1_1805,1968430,1969413,COG3181
CP083911.1_1806,1969434,1970174,COG4340
CP083911.1_1807,1970299,1971144,COG5473
CP083911.1_1808,1971134,1972129,COG0604
CP083911.1_1809,1972170,1973927,COG0318
CP083911.1_1810,1974130,1975368,COG0477
CP083911.1_1813,1977445,1978911,COG2132
CP083911.1_1814,1978895,1979479,COG4454
CP083911.1_1815,1979476,1980189,COG3019
CP083911.1_1816,1980203,1980877,COG2941
CP083911.1_1817,1981117,1981569,COG1765
CP083911.1_1818,1981845,1983437,COG1171
CP083911.1_1820,1984162,1986348,COG3211
CP083911.1_1821,1986496,1986984,COG2165
CP083911.1_1822,1986959,1987405,COG4970
CP083911.1_1823,1987402,1987806,COG4967
CP083911.1_1824,1987806,1988441,COG4795
CP083911.1_1825,1988438,1989406,COG3156
CP083911.1_1828,1991199,1991981,28IWK
CP083911.1_1829,1991987,1994281,COG1450
CP083911.1_1830,1994294,1995709,COG2804
CP083911.1_1831,1995728,1996933,COG1459
CP083911.1_1832,1996938,1997672,COG3023
CP083911.1_1833,1998065,2000950,COG0209
CP083911.1_1834,2001085,2002344,COG0208
CP083911.1_1836,2003362,2004393,COG1816
CP083911.1_1837,2004579,2005556,COG1744
CP083911.1_1838,2005597,2006616,COG1609
CP083911.1_1839,2006631,2008211,COG3845
CP083911.1_1840,2008208,2009326,COG4603
CP083911.1_1841,2009319,2010293,COG1079
CP083911.1_1842,2010290,2010742,COG0295
CP083911.1_1843,2010739,2011569,COG0005
CP083911.1_1844,2011583,2012419,COG0274
CP083911.1_1845,2012427,2013755,COG0213
CP083911.1_1846,2013777,2015009,COG1015
CP083911.1_1847,2015000,2016160,2A4J7
CP083911.1_1848,2016183,2017103,COG2264
CP083911.1_1849,2017090,2018442,COG0439
CP083911.1_1850,2018453,2018923,COG0511
CP083911.1_1851,2019033,2020760,COG2804
CP083911.1_1852,2020805,2022022,COG1459
CP083911.1_1853,2022154,2023806,COG0457
CP083911.1_1854,2023813,2025450,COG0457
CP083911.1_1855,2026268,2026996,COG0810
CP083911.1_1856,2027117,2028184,COG2899
CP083911.1_1858,2028420,2029217,COG0204
CP083911.1_1859,2029204,2030535,COG0044
CP083911.1_1860,2030532,2031491,COG0540
CP083911.1_1861,2031510,2032088,COG2065
CP083911.1_1862,2032085,2032495,COG0816
CP083911.1_1863,2032492,2033181,COG1678
CP083911.1_1864,2033258,2034763,COG0415
CP083911.1_1866,2038496,2038672,COG1773
CP083911.1_1867,2038768,2039637,COG0351
CP083911.1_1868,2039634,2040929,COG0001
CP083911.1_1869,2040934,2041884,COG4242
CP083911.1_1870,2041948,2043471,COG0826
CP083911.1_1871,2043573,2046167,COG1049
CP083911.1_1872,2046189,2047193,COG2301
CP083911.1_1873,2047210,2048196,COG0039
CP083911.1_1874,2048300,2049103,COG2188
CP083911.1_1876,2049274,2049705,COG2009
CP083911.1_1877,2049733,2050098,COG2142
CP083911.1_1878,2050102,2051907,COG1053
CP083911.1_1879,2051933,2052634,COG0479
CP083911.1_1880,2052656,2052985,COG2938
CP083911.1_1881,2052982,2054292,COG0372
CP083911.1_1882,2054305,2055726,COG0065
CP083911.1_1884,2055897,2056550,COG0066
CP083911.1_1885,2056606,2057691,COG0473
CP083911.1_1886,2057743,2058096,COG1324
CP083911.1_1887,2058371,2059489,COG0136
CP083911.1_1888,2059662,2062211,COG3170
CP083911.1_1889,2062208,2063038,COG0101
CP083911.1_1890,2063050,2063727,COG0135
CP083911.1_1891,2063775,2065076,COG0133
CP083911.1_1892,2065073,2065918,COG0159
CP083911.1_1893,2065991,2066860,COG0777
CP083911.1_1894,2067050,2068096,COG4127
CP083911.1_1895,2068115,2068441,2E7TE
CP083911.1_1896,2068438,2068758,2E722
CP083911.1_1897,2068849,2069934,COG1472
CP083911.1_1898,2069931,2070326,COG0736
CP083911.1_1899,2070332,2071117,COG0854
CP083911.1_1900,2071114,2071911,COG1381
CP083911.1_1901,2071913,2072866,COG1159
CP083911.1_1902,2072863,2073567,COG0571
CP083911.1_1903,2073571,2073909,COG4969
CP083911.1_1904,2073989,2074969,COG0681
CP083911.1_1905,2074966,2076780,COG0481
CP083911.1_1906,2076890,2078404,COG0265
CP083911.1_1907,2078430,2079443,COG3026
CP083911.1_1908,2079453,2080103,COG3073
CP083911.1_1909,2080136,2080771,COG1595
CP083911.1_1911,2081286,2082530,COG0304
CP083911.1_1912,2082537,2082776,COG0236
CP083911.1_1913,2082873,2083622,COG1028
CP083911.1_1914,2083698,2084651,COG0331
CP083911.1_1915,2084691,2085710,COG0332
CP083911.1_1916,2085750,2086778,COG0416
CP083911.1_1917,2086863,2087045,COG0333
CP083911.1_1918,2087151,2087801,COG1399
CP083911.1_1919,2087860,2088495,COG0259
CP083911.1_1920,2088582,2088833,COG2161
CP083911.1_1921,2088830,2089096,COG4115
CP083911.1_1922,2089100,2089564,COG0801
CP083911.1_1923,2089557,2091185,COG0617
CP083911.1_1924,2091182,2091937,COG0560
CP083911.1_1925,2091930,2092619,COG0593
CP083911.1_1926,2092622,2093722,COG0628
CP083911.1_1927,2093808,2094839,COG0150
CP083911.1_1928,2094879,2095730,COG2912
CP083911.1_1929,2095735,2097297,COG0728
CP083911.1_1930,2097335,2098192,COG0613
CP083911.1_1931,2098211,2098846,COG0009
CP083911.1_1932,2098881,2099549,COG1994
CP083911.1_1933,2099603,2100922,COG0180
CP083911.1_1935,2101611,2101997,2EATN
CP083911.1_1938,2102955,2105777,COG5519
CP083911.1_1941,2106457,2107128,2E7KA
CP083911.1_1943,2107311,2108522,COG0582
CP083911.1_1944,2109027,2109488,COG2969
CP083911.1_1945,2109488,2110099,COG0625
CP083911.1_1946,2110196,2110966,COG2857
CP083911.1_1947,2110987,2112408,COG1290
CP083911.1_1948,2112447,2113046,COG0723
CP083911.1_1949,2113173,2114246,COG1995
CP083911.1_1950,2114246,2115049,COG0327
CP083911.1_1952,2115362,2116507,COG0265
CP083911.1_1953,2116541,2117335,COG0805
CP083911.1_1954,2117339,2117848,COG1826
CP083911.1_1955,2117866,2118102,COG1826
CP083911.1_1956,2118222,2118581,COG0537
CP083911.1_1957,2118597,2118959,COG3671
CP083911.1_1958,2118977,2119393,COG0140
CP083911.1_1959,2119424,2119819,COG0139
CP083911.1_1960,2119973,2120776,COG0107
CP083911.1_1961,2120781,2121521,COG0106
CP083911.1_1962,2121531,2122223,COG0118
CP083911.1_1963,2122255,2122872,COG0131
CP083911.1_1964,2122869,2123966,COG0079
CP083911.1_1965,2123963,2125357,COG0141
CP083911.1_1966,2125434,2126114,COG0040
CP083911.1_1967,2126111,2127385,COG0766
CP083911.1_1968,2127396,2127647,COG5007
CP083911.1_1969,2127694,2128449,COG0842
CP083911.1_1970,2128446,2129384,COG1131
CP083911.1_1971,2129397,2129690,COG3113
CP083911.1_1972,2129695,2130351,COG2854
CP083911.1_1973,2130454,2131167,COG2853
CP083911.1_1974,2131164,2131637,COG1463
CP083911.1_1975,2131654,2132436,COG0767
CP083911.1_1976,2132433,2133257,COG1127
CP083911.1_1977,2133365,2134831,COG0493
CP083911.1_1978,2134859,2139634,COG0067
CP083911.1_1979,2139756,2140469,COG1943
CP083911.1_1980,2140470,2141714,COG2807
CP083911.1_1981,2141718,2142893,COG0232
CP083911.1_1982,2142905,2144113,COG0337
CP083911.1_1983,2144284,2144868,COG0703
CP083911.1_1985,2146113,2148311,COG4796
CP083911.1_1986,2148308,2148787,COG3168
CP083911.1_1987,2148856,2149416,COG3167
CP083911.1_1988,2149542,2150180,COG3166
CP083911.1_1989,2150177,2151247,COG4972
CP083911.1_1990,2151657,2153918,COG5009
CP083911.1_1991,2153946,2154275,COG1965
CP083911.1_1992,2154518,2155819,COG0019
CP083911.1_1993,2155776,2156417,COG2717
CP083911.1_1994,2156427,2157413,COG2041
CP083911.1_1995,2157428,2158792,COG0755
CP083911.1_1996,2158808,2160931,COG1333
CP083911.1_1997,2161110,2161724,COG2863
CP083911.1_1998,2161824,2162489,COG0218
CP083911.1_1999,2162784,2163461,COG0596
CP083911.1_2000,2163441,2164286,COG1560
CP083911.1_2001,2164462,2165646,COG0192
CP083911.1_2003,2168227,2169177,COG0472
CP083911.1_2004,2170067,2171401,COG0438
CP083911.1_2005,2171472,2173277,COG1216
CP083911.1_2009,2176870,2177799,COG0438
CP083911.1_2010,2177837,2180086,COG0457
CP083911.1_2011,2180110,2181474,COG1134
CP083911.1_2012,2181471,2182301,COG1682
CP083911.1_2013,2182298,2183245,COG0760
CP083911.1_2014,2183531,2185051,28M2W
CP083911.1_2016,2185752,2188109,COG1450
CP083911.1_2018,2188892,2189503,2DZE7
CP083911.1_2022,2192154,2192609,COG4968
CP083911.1_2023,2192606,2193130,COG4970
CP083911.1_2024,2193105,2193554,COG2165
CP083911.1_2025,2193562,2194830,COG1459
CP083911.1_2026,2194823,2196538,COG2804
CP083911.1_2027,2197327,2197884,COG1898
CP083911.1_2028,2197893,2198759,COG1209
CP083911.1_2029,2198835,2199392,2C80Q
CP083911.1_2030,2199389,2200072,28K75
CP083911.1_2031,2200225,2201190,COG1091
CP083911.1_2033,2203198,2204292,COG1088
CP083911.1_2034,2204605,2204985,COG1555
CP083911.1_2035,2205146,2205403,COG4281
CP083911.1_2036,2205576,2207699,COG0243
CP083911.1_2037,2207983,2209212,COG1473
CP083911.1_2038,2209118,2209996,COG1521
CP083911.1_2039,2210054,2211181,COG0491
CP083911.1_2040,2211355,2214660,COG1703
CP083911.1_2041,2214718,2215611,COG0697
CP083911.1_2042,2215678,2216316,COG0212
CP083911.1_2043,2216426,2218444,COG0741
CP083911.1_2044,2218485,2219441,COG0702
CP083911.1_2045,2219992,2220321,COG1937
CP083911.1_2046,2220365,2221669,COG0617
CP083911.1_2047,2221849,2222298,COG3118
CP083911.1_2048,2222440,2222634,2EITT
CP083911.1_2049,2222660,2223784,COG1565
CP083911.1_2050,2223850,2224668,COG1028
CP083911.1_2051,2224668,2225060,COG1539
CP083911.1_2052,2225266,2226210,COG0037
CP083911.1_2053,2226254,2226904,2C0PG
CP083911.1_2054,2227013,2227996,COG0784
CP083911.1_2055,2228090,2228746,COG0406
CP083911.1_2056,2228794,2229858,COG2255
CP083911.1_2057,2229869,2230444,COG0632
CP083911.1_2058,2230480,2231421,COG1702
CP083911.1_2059,2231426,2231893,COG0319
CP083911.1_2060,2231886,2232812,COG0053
CP083911.1_2061,2232856,2234118,COG0162
CP083911.1_2062,2234335,2235675,COG0739
CP083911.1_2063,2235708,2236829,COG2377
CP083911.1_2064,2236923,2237303,COG0316
CP083911.1_2065,2237651,2238043,COG0103
CP083911.1_2066,2238053,2238484,COG0102
CP083911.1_2067,2238818,2239744,COG2961
CP083911.1_2068,2239824,2241821,COG0840
CP083911.1_2069,2241970,2243241,COG2873
CP083911.1_2070,2243422,2244384,COG5464
CP083911.1_2071,2244550,2245392,COG0685
CP083911.1_2072,2245377,2246144,COG1189
CP083911.1_2073,2246157,2247593,COG0499
CP083911.1_2074,2247991,2248935,COG0142
CP083911.1_2075,2249130,2249957,COG4302
CP083911.1_2076,2249996,2251390,COG4303
CP083911.1_2077,2251402,2252865,COG0531
CP083911.1_2078,2253093,2254124,COG2207
CP083911.1_2079,2254270,2255478,COG2206
CP083911.1_2080,2255541,2256917,COG2206
CP083911.1_2081,2256914,2259334,COG5001
CP083911.1_2082,2259370,2259891,COG0526
CP083911.1_2083,2259888,2260505,COG1418
CP083911.1_2084,2260562,2262070,COG0773
CP083911.1_2085,2262064,2262384,2E4QE
CP083911.1_2086,2262674,2263810,COG0722
CP083911.1_2087,2264069,2265541,COG0312
CP083911.1_2088,2265748,2266905,COG0772
CP083911.1_2089,2266918,2267550,COG3150
CP083911.1_2090,2267552,2268967,COG1066
CP083911.1_2091,2269143,2269817,COG1738
CP083911.1_2092,2269924,2271993,COG0557
CP083911.1_2093,2272016,2272894,COG0810
CP083911.1_2094,2272910,2273719,COG0744
CP083911.1_2095,2273786,2274334,COG0817
CP083911.1_2096,2274420,2274596,2EMEQ
CP083911.1_2097,2274614,2275537,COG0774
CP083911.1_2098,2275674,2276909,COG0206
CP083911.1_2099,2276936,2278165,COG0849
CP083911.1_2100,2278173,2279009,COG1589
CP083911.1_2101,2279012,2280013,COG1181
CP083911.1_2102,2280010,2281476,COG0773
CP083911.1_2103,2281473,2282561,COG0707
CP083911.1_2104,2282558,2283856,COG0772
CP083911.1_2105,2283853,2285394,COG0771
CP083911.1_2106,2285391,2286569,COG0472
CP083911.1_2107,2286559,2288013,COG0770
CP083911.1_2108,2288010,2289578,COG0769
CP083911.1_2109,2289578,2291338,COG0768
CP083911.1_2110,2291335,2291625,COG3116
CP083911.1_2111,2291625,2292575,COG0275
CP083911.1_2112,2292593,2293021,COG2001
CP083911.1_2113,2293407,2294726,COG1220
CP083911.1_2114,2294723,2295301,COG5405
CP083911.1_2115,2295304,2297037,COG1366
CP083911.1_2116,2297072,2297779,COG1734
CP083911.1_2117,2297931,2299007,COG0523
CP083911.1_2118,2299155,2300339,COG1092
CP083911.1_2119,2300374,2300802,COG1416
CP083911.1_2120,2300805,2301965,COG4973
CP083911.1_2121,2302040,2302732,COG3159
CP083911.1_2122,2302811,2303695,COG0253
CP083911.1_2123,2303695,2304378,COG2885
CP083911.1_2124,2304501,2306156,COG0491
CP083911.1_2126,2307064,2307363,2EMB8
CP083911.1_2127,2307523,2309385,COG2509
CP083911.1_2128,2309490,2310359,COG0501
CP083911.1_2129,2310666,2311649,COG3181
CP083911.1_2130,2311734,2312408,COG0745
CP083911.1_2131,2312405,2313835,COG0642
CP083911.1_2132,2313911,2314891,COG3181
CP083911.1_2133,2314985,2315428,2CQ1K
CP083911.1_2134,2315432,2316979,COG3333
CP083911.1_2135,2317065,2318105,COG0418
CP083911.1_2136,2318267,2319016,COG1126
CP083911.1_2137,2319044,2319712,COG0765
CP083911.1_2138,2319714,2320469,COG0765
CP083911.1_2139,2320548,2321450,COG0834
CP083911.1_2140,2321549,2322472,COG0583
CP083911.1_2141,2322503,2324380,COG5265
CP083911.1_2142,2324396,2324860,COG1607
CP083911.1_2143,2325296,2326879,COG2271
CP083911.1_2144,2326993,2327802,COG0501
CP083911.1_2145,2327917,2328555,COG0491
CP083911.1_2146,2328632,2329414,COG4221
CP083911.1_2147,2329527,2330003,COG1522
CP083911.1_2148,2330214,2330456,COG1669
CP083911.1_2149,2330453,2330836,COG2361
CP083911.1_2150,2331157,2332260,COG3185
CP083911.1_2151,2332285,2332593,COG2154
CP083911.1_2152,2332621,2333505,COG3186
CP083911.1_2153,2333706,2335259,COG1672
CP083911.1_2154,2335518,2336531,COG3203
CP083911.1_2155,2336772,2337776,COG3203
CP083911.1_2156,2338207,2339478,COG3203
CP083911.1_2157,2339684,2340289,COG3047
CP083911.1_2158,2340495,2340800,COG1708
CP083911.1_2159,2340824,2341957,COG1686
CP083911.1_2160,2342109,2342744,COG2945
CP083911.1_2161,2342763,2343122,COG3411
CP083911.1_2162,2343119,2344264,COG5652
CP083911.1_2163,2344272,2344700,COG1981
CP083911.1_2164,2344962,2346110,COG0277
CP083911.1_2165,2346114,2347373,COG0247
CP083911.1_2166,2347415,2347675,2EJAI
CP083911.1_2167,2347773,2348837,COG3181
CP083911.1_2168,2348834,2350120,COG0477
CP083911.1_2169,2350204,2351376,COG0787
CP083911.1_2170,2351405,2351698,COG1672
CP083911.1_2174,2356061,2357158,COG0845
CP083911.1_2175,2357175,2360441,COG0841
CP083911.1_2176,2360492,2360719,COG0607
CP083911.1_2177,2360753,2361772,COG1275
CP083911.1_2178,2361833,2362606,COG0730
CP083911.1_2179,2362596,2367353,COG0643
CP083911.1_2180,2367366,2369420,COG0840
CP083911.1_2182,2370046,2370411,COG0745
CP083911.1_2183,2370494,2370946,COG0745
CP083911.1_2184,2371175,2371891,COG0179
CP083911.1_2185,2371987,2373303,COG0014
CP083911.1_2186,2373434,2374927,COG0591
CP083911.1_2187,2375147,2376640,COG0348
CP083911.1_2188,2376795,2377124,COG0672
CP083911.1_2189,2377375,2377926,COG3470
CP083911.1_2191,2378641,2379600,COG2801
CP083911.1_2192,2379693,2380118,COG2193
CP083911.1_2194,2380982,2382175,COG0482
CP083911.1_2195,2382206,2383945,COG0659
CP083911.1_2196,2383985,2384413,COG2346
CP083911.1_2197,2384481,2387699,COG0610
CP083911.1_2198,2387699,2388100,COG1487
CP083911.1_2199,2388290,2389408,COG2801
CP083911.1_2200,2389287,2390276,COG3654
CP083911.1_2201,2390273,2391922,COG0732
CP083911.1_2202,2391915,2392349,COG1708
CP083911.1_2203,2392442,2393599,COG1846
CP083911.1_2204,2393686,2394045,COG2865
CP083911.1_2205,2394140,2395690,COG0286
CP083911.1_2206,2395878,2396375,COG0629
CP083911.1_2207,2396472,2397929,COG0038
CP083911.1_2208,2397817,2399022,COG0477
CP083911.1_2209,2399150,2401510,COG0840
CP083911.1_2210,2401641,2402318,COG0036
CP083911.1_2211,2402422,2404419,COG4389
CP083911.1_2212,2404444,2405481,COG0611
CP083911.1_2213,2405478,2406374,COG0494
CP083911.1_2214,2406371,2406934,COG1267
CP083911.1_2215,2407113,2407661,COG1546
CP083911.1_2216,2407675,2408517,COG3012
CP083911.1_2217,2408705,2411218,COG1067
CP083911.1_2218,2411249,2413420,COG3344
CP083911.1_2219,2413434,2413700,COG1343
CP083911.1_2220,2413776,2414807,COG3039
CP083911.1_2223,2416075,2417187,COG3240
CP083911.1_2224,2417302,2418702,COG0006
CP083911.1_2225,2418846,2419595,COG1208
CP083911.1_2227,2420252,2422129,COG1274
CP083911.1_2228,2422350,2422904,2E17E
CP083911.1_2229,2423013,2423984,COG0583
CP083911.1_2230,2423984,2424874,COG1409
CP083911.1_2231,2424897,2426117,COG2206
CP083911.1_2232,2426382,2428394,COG0840
CP083911.1_2233,2428378,2429298,COG0583
CP083911.1_2234,2429445,2430788,COG0665
CP083911.1_2235,2430896,2431381,COG1853
CP083911.1_2236,2431378,2432289,COG0697
CP083911.1_2237,2432384,2433253,COG1639
CP083911.1_2238,2433446,2433979,2E62J
CP083911.1_2239,2434095,2435378,COG2233
CP083911.1_2240,2435454,2435762,COG1256
CP083911.1_2241,2436090,2437775,COG2303
CP083911.1_2242,2437845,2439371,COG1012
CP083911.1_2243,2439486,2440445,COG0583
CP083911.1_2244,2440567,2440878,COG3385
CP083911.1_2245,2441450,2441725,COG4453
CP083911.1_2246,2441722,2442225,COG0454
CP083911.1_2247,2442358,2443839,COG2027
CP083911.1_2248,2443848,2445038,COG4924
CP083911.1_2249,2445053,2448472,COG4913
CP083911.1_2250,2448465,2449193,2CB46
CP083911.1_2251,2449200,2450672,COG4942
CP083911.1_2252,2450846,2451196,COG3041
CP083911.1_2253,2451141,2451431,COG3077
CP083911.1_2254,2451593,2452534,COG1214
CP083911.1_2255,2452548,2453138,COG0454
CP083911.1_2256,2453135,2454217,COG1573
CP083911.1_2257,2454432,2455478,COG4608
CP083911.1_2258,2455475,2456479,COG0444
CP083911.1_2259,2456499,2457416,COG1173
CP083911.1_2260,2457445,2458425,COG0601
CP083911.1_2261,2458542,2460134,COG0747
CP083911.1_2262,2460307,2461371,COG0205
CP083911.1_2263,2461414,2462763,COG2821
CP083911.1_2264,2462953,2463759,COG0388
CP083911.1_2265,2463756,2467835,COG3164
CP083911.1_2266,2467910,2470687,COG1391
CP083911.1_2267,2470800,2471399,COG0386
CP083911.1_2268,2471406,2472002,COG0791
CP083911.1_2269,2472024,2473082,COG1466
CP083911.1_2270,2473250,2474197,COG0010
CP083911.1_2271,2474287,2476092,COG0840
CP083911.1_2272,2476201,2476764,COG2980
CP083911.1_2273,2476960,2477934,COG3547
CP083911.1_2274,2477951,2480653,COG0495
CP083911.1_2275,2480729,2481448,COG0412
CP083911.1_2276,2481582,2483129,COG0840
CP083911.1_2277,2483215,2484060,COG0289
CP083911.1_2278,2484103,2484696,COG2913
CP083911.1_2279,2484811,2485251,COG0735
CP083911.1_2280,2485288,2486238,COG1493
CP083911.1_2281,2486282,2486752,COG1762
CP083911.1_2282,2486868,2487200,COG1544
CP083911.1_2283,2487500,2488072,COG2128
CP083911.1_2284,2488206,2488520,COG0526
CP083911.1_2285,2488602,2489492,COG3220
CP083911.1_2286,2489492,2490280,COG3219
CP083911.1_2287,2490277,2490774,COG2259
CP083911.1_2288,2490948,2491184,2AGJY
CP083911.1_2289,2491181,2491774,COG1595
CP083911.1_2290,2491807,2492298,COG3437
CP083911.1_2291,2492494,2493468,COG3547
CP083911.1_2292,2493444,2493935,COG3437
CP083911.1_2293,2493932,2494876,COG1252
CP083911.1_2294,2495227,2495709,COG0005
CP083911.1_2295,2495758,2497008,COG1752
CP083911.1_2296,2497200,2498186,COG0598
CP083911.1_2297,2498274,2499767,COG0554
CP083911.1_2298,2499882,2500634,COG0775
CP083911.1_2299,2500656,2502344,COG0318
CP083911.1_2300,2502513,2502821,2EGU1
CP083911.1_2301,2502838,2503485,COG1051
CP083911.1_2303,2504653,2506089,COG1282
CP083911.1_2304,2506086,2506412,COG3288
CP083911.1_2305,2506441,2506812,COG0853
CP083911.1_2306,2506809,2507951,COG3288
CP083911.1_2307,2508224,2508706,COG1051
CP083911.1_2308,2508859,2509782,COG0647
CP083911.1_2309,2509769,2510515,COG1385
CP083911.1_2310,2510522,2511640,COG3178
CP083911.1_2311,2511694,2514153,COG1452
CP083911.1_2312,2514146,2515495,COG0760
CP083911.1_2313,2515492,2516382,COG0030
CP083911.1_2314,2516361,2516897,COG2732
CP083911.1_2315,2516949,2517398,COG4290
CP083911.1_2316,2517514,2519898,COG0280
CP083911.1_2317,2520210,2521493,COG1593
CP083911.1_2318,2521490,2522020,COG3090
CP083911.1_2319,2522121,2523101,COG1638
CP083911.1_2320,2523228,2524253,COG1638
CP083911.1_2321,2524274,2526292,COG3829
CP083911.1_2322,2526289,2526999,COG4566
CP083911.1_2323,2526988,2528175,COG2199
CP083911.1_2324,2528246,2528773,COG3762
CP083911.1_2325,2528785,2529672,COG1512
CP083911.1_2326,2529794,2530429,COG1704
CP083911.1_2327,2530517,2531293,COG1540
CP083911.1_2328,2531290,2532360,COG1984
CP083911.1_2329,2532357,2533118,COG2049
CP083911.1_2330,2533127,2534425,COG1593
CP083911.1_2331,2534442,2534954,COG3090
CP083911.1_2332,2534979,2535956,COG1638
CP083911.1_2333,2536164,2536715,COG5631
CP083911.1_2334,2537079,2537639,COG1510
CP083911.1_2335,2537671,2539032,COG1271
CP083911.1_2336,2539029,2540024,COG1294
CP083911.1_2337,2540043,2540336,COG3205
CP083911.1_2338,2540454,2541146,COG1136
CP083911.1_2340,2541249,2542355,COG4591
CP083911.1_2342,2543447,2544364,COG1804
CP083911.1_2343,2544458,2545891,COG0469
CP083911.1_2344,2545913,2547370,COG2905
CP083911.1_2345,2547519,2547815,2E807
CP083911.1_2347,2548505,2548765,COG4327
CP083911.1_2348,2548770,2550896,COG4147
CP083911.1_2349,2551708,2554557,COG2352
CP083911.1_2350,2554621,2555685,COG0191
CP083911.1_2351,2555687,2556607,COG0152
CP083911.1_2352,2556726,2557814,COG0642
CP083911.1_2353,2557811,2558551,COG0745
CP083911.1_2354,2558564,2559076,COG3678
CP083911.1_2355,2559250,2559600,COG0633
CP083911.1_2356,2559610,2560560,COG3118
CP083911.1_2357,2560611,2561117,COG0041
CP083911.1_2358,2561114,2562322,COG0026
CP083911.1_2359,2562313,2563335,COG0009
CP083911.1_2360,2563349,2563612,COG4095
CP083911.1_2361,2563620,2563880,COG0851
CP083911.1_2362,2563886,2564698,COG2894
CP083911.1_2363,2564734,2565486,COG0850
CP083911.1_2364,2565917,2566114,COG2608
CP083911.1_2365,2566227,2568530,COG2217
CP083911.1_2366,2568627,2569211,COG3945
CP083911.1_2367,2569464,2570840,COG0001
CP083911.1_2368,2570882,2572147,COG0477
CP083911.1_2369,2572155,2573120,COG1409
CP083911.1_2370,2573674,2574996,COG0665
CP083911.1_2371,2575021,2576520,COG1167
CP083911.1_2372,2576780,2577562,COG2071
CP083911.1_2373,2577686,2579056,COG0174
CP083911.1_2374,2579104,2580531,COG0161
CP083911.1_2375,2580642,2581817,COG0687
CP083911.1_2376,2581946,2583061,COG3842
CP083911.1_2377,2583086,2584009,COG1176
CP083911.1_2378,2584026,2584865,COG1177
CP083911.1_2379,2584903,2586552,COG1672
CP083911.1_2380,2586708,2588192,COG1012
CP083911.1_2381,2588401,2589549,COG1902
CP083911.1_2382,2589641,2590543,COG1560
CP083911.1_2384,2591517,2593085,COG0840
CP083911.1_2385,2593082,2594491,COG5001
CP083911.1_2386,2594583,2596079,COG3039
CP083911.1_2387,2596082,2596498,COG5001
CP083911.1_2388,2596417,2598420,COG5001
CP083911.1_2389,2598489,2598686,2EGD6
CP083911.1_2390,2598874,2599164,COG0727
CP083911.1_2391,2599161,2600726,COG1672
CP083911.1_2392,2600883,2602871,COG0445
CP083911.1_2393,2602868,2603563,COG0357
CP083911.1_2394,2603609,2604223,COG1280
CP083911.1_2395,2604257,2605030,COG1192
CP083911.1_2396,2605107,2606087,COG1475
CP083911.1_2397,2606087,2606941,COG0500
CP083911.1_2398,2606848,2610237,COG5001
CP083911.1_2399,2610254,2611678,COG0277
CP083911.1_2400,2611865,2612428,COG2096
CP083911.1_2401,2612826,2613203,2AX91
CP083911.1_2402,2613395,2613955,2DBG4
CP083911.1_2403,2614056,2615063,COG3327
CP083911.1_2404,2615231,2615731,COG2050
CP083911.1_2405,2615769,2617094,COG1541
CP083911.1_2406,2617119,2618126,COG3396
CP083911.1_2407,2618173,2618508,COG3460
CP083911.1_2408,2618508,2619308,COG3396
CP083911.1_2409,2619316,2619870,COG2151
CP083911.1_2410,2619917,2621014,COG1018
CP083911.1_2411,2621070,2622218,COG0683
CP083911.1_2412,2622317,2623342,COG0559
CP083911.1_2413,2623339,2625213,COG0411
CP083911.1_2414,2625210,2625959,COG0410
CP083911.1_2415,2626045,2627847,COG1012
CP083911.1_2416,2627931,2629427,COG3039
CP083911.1_2417,2629456,2629728,COG1012
CP083911.1_2418,2629796,2630998,COG0183
CP083911.1_2419,2631211,2632416,COG0116
CP083911.1_2420,2632433,2633992,COG1508
CP083911.1_2421,2633998,2634756,COG1137
CP083911.1_2422,2634753,2635397,COG1934
CP083911.1_2423,2635512,2636138,COG1651
CP083911.1_2424,2636215,2636904,COG3087
CP083911.1_2425,2636940,2638622,COG0018
CP083911.1_2426,2638774,2639754,COG0010
CP083911.1_2427,2639801,2640178,COG3651
CP083911.1_2428,2640175,2641287,COG1988
CP083911.1_2429,2641365,2642267,COG0583
CP083911.1_2430,2642278,2643135,COG1177
CP083911.1_2431,2643137,2644006,COG1176
CP083911.1_2432,2644003,2645127,COG3842
CP083911.1_2433,2645134,2646216,COG0687
CP083911.1_2434,2646573,2647238,COG1279
CP083911.1_2435,2647303,2648994,COG1231
CP083911.1_2436,2649045,2649770,COG0388
CP083911.1_2437,2649865,2650119,COG4691
CP083911.1_2438,2650116,2650538,COG1487
CP083911.1_2439,2650603,2651550,COG0583
CP083911.1_2440,2651698,2653923,COG2225
CP083911.1_2441,2653920,2654897,COG2199
CP083911.1_2443,2656327,2657355,COG0113
CP083911.1_2444,2657377,2657790,COG0607
CP083911.1_2445,2657787,2659706,COG0514
CP083911.1_2446,2659713,2660606,COG3016
CP083911.1_2447,2662054,2662791,COG0840
CP083911.1_2448,2662983,2663498,COG0783
CP083911.1_2449,2663706,2664728,COG1858
CP083911.1_2450,2664789,2665079,2E6W9
CP083911.1_2451,2665233,2666423,COG3147
CP083911.1_2452,2666483,2667442,COG0179
CP083911.1_2453,2667403,2667789,COG1734
CP083911.1_2454,2668092,2668784,2EDY7
CP083911.1_2455,2668781,2670100,COG4398
CP083911.1_2456,2670168,2671142,COG0484
CP083911.1_2457,2671144,2671443,2DNU9
CP083911.1_2458,2671458,2673299,COG0465
CP083911.1_2459,2673502,2674686,COG0343
CP083911.1_2461,2675021,2675404,COG1848
CP083911.1_2462,2675462,2676544,COG0809
CP083911.1_2463,2676667,2677752,COG0530
CP083911.1_2464,2677855,2678898,COG2199
CP083911.1_2465,2678956,2681136,COG1200
CP083911.1_2466,2681208,2682176,COG0583
CP083911.1_2467,2682158,2683060,COG0382
CP083911.1_2468,2683237,2684088,COG0345
CP083911.1_2469,2684272,2685732,COG1115
CP083911.1_2470,2686054,2686422,COG0093
CP083911.1_2471,2686432,2686752,COG0198
CP083911.1_2472,2686755,2687294,COG0094
CP083911.1_2473,2687303,2687608,COG0199
CP083911.1_2474,2687629,2688024,COG0096
CP083911.1_2475,2688050,2688583,COG0097
CP083911.1_2476,2688595,2688960,COG0256
CP083911.1_2477,2688978,2689496,COG0098
CP083911.1_2478,2689510,2689692,COG1841
CP083911.1_2479,2689706,2690137,COG0200
CP083911.1_2480,2690167,2691483,COG0201
CP083911.1_2481,2691488,2691706,COG0361
CP083911.1_2482,2691741,2691854,COG0257
CP083911.1_2483,2691873,2692238,COG0099
CP083911.1_2484,2692260,2692664,COG0100
CP083911.1_2485,2692902,2693525,COG0522
CP083911.1_2486,2693641,2694627,COG0202
CP083911.1_2487,2694710,2695117,COG0203
CP083911.1_2488,2695396,2696709,COG1804
CP083911.1_2489,2696706,2697266,COG0394
CP083911.1_2490,2697361,2698647,COG1653
CP083911.1_2491,2698773,2699651,COG1175
CP083911.1_2492,2699648,2700505,COG0395
CP083911.1_2493,2700511,2701581,COG3842
CP083911.1_2494,2701681,2702712,COG0673
CP083911.1_2495,2702699,2703679,COG0837
CP083911.1_2496,2703670,2704518,COG1737
CP083911.1_2497,2704550,2706136,COG0166
CP083911.1_2498,2706227,2706895,COG0800
CP083911.1_2499,2706892,2708748,COG0129
CP083911.1_2500,2708753,2709496,COG0363
CP083911.1_2501,2709503,2710960,COG0364
CP083911.1_2502,2711036,2711956,COG0524
CP083911.1_2503,2712131,2713138,COG1879
CP083911.1_2504,2713239,2714177,COG1172
CP083911.1_2505,2714177,2714974,COG1129
CP083911.1_2506,2714988,2716262,COG1940
CP083911.1_2507,2716246,2717685,COG0642
CP083911.1_2508,2717682,2718365,COG0745
CP083911.1_2509,2718414,2719037,COG2095
CP083911.1_2510,2719323,2722961,COG1014
CP083911.1_2511,2723075,2724109,COG0697
CP083911.1_2512,2724124,2724564,COG1862
CP083911.1_2513,2724629,2726509,COG0342
CP083911.1_2514,2726534,2727484,COG0341
CP083911.1_2515,2727503,2728627,COG0758
CP083911.1_2516,2728649,2729911,COG1652
CP083911.1_2517,2730027,2730623,COG0242
CP083911.1_2518,2730620,2731642,COG0223
CP083911.1_2519,2731639,2732448,COG1296
CP083911.1_2520,2732441,2732776,COG4392
CP083911.1_2521,2732727,2734724,COG5002
CP083911.1_2522,2734721,2735251,COG3915
CP083911.1_2523,2735319,2737370,COG0210
CP083911.1_2524,2737454,2738464,COG0679
CP083911.1_2525,2738601,2740727,COG1198
CP083911.1_2526,2740990,2742102,COG0407
CP083911.1_2527,2742138,2744345,COG4232
CP083911.1_2528,2744534,2745772,COG2230
CP083911.1_2529,2745990,2746850,COG1402
CP083911.1_2530,2746956,2747624,COG0406
CP083911.1_2531,2747849,2748493,COG1280
CP083911.1_2532,2748490,2750496,COG0488
CP083911.1_2533,2768899,2770023,COG0646
CP083911.1_2534,2770095,2770826,COG2199
CP083911.1_2535,2770837,2771712,COG0455
CP083911.1_2536,2772132,2772461,2E54A
CP083911.1_2537,2772584,2773564,COG3181
CP083911.1_2538,2773656,2775572,COG3158
CP083911.1_2539,2775643,2776908,COG1541
CP083911.1_2540,2776974,2777783,COG0410
CP083911.1_2541,2777939,2779276,COG0683
CP083911.1_2542,2779326,2780402,COG4177
CP083911.1_2543,2780418,2781347,COG0559
CP083911.1_2544,2781364,2782149,COG0411
CP083911.1_2545,2782180,2784126,COG1022
CP083911.1_2546,2784341,2785057,COG0664
CP083911.1_2547,2785322,2787259,COG0326
CP083911.1_2548,2787264,2787680,COG1764
CP083911.1_2549,2787692,2788213,COG1846
CP083911.1_2550,2788385,2789134,COG1285
CP083911.1_2551,2789147,2789737,COG1192
CP083911.1_2552,2789876,2790745,COG2518
CP083911.1_2553,2790742,2791983,COG0475
CP083911.1_2554,2791989,2793119,COG2170
CP083911.1_2555,2793176,2794330,COG0075
CP083911.1_2556,2794340,2795122,COG0842
CP083911.1_2557,2795210,2796151,COG1131
CP083911.1_2558,2796232,2796465,COG2336
CP083911.1_2559,2796452,2796865,COG5573
CP083911.1_2560,2796948,2797202,COG1396
CP083911.1_2561,2797253,2798122,COG0688
CP083911.1_2562,2798229,2799779,COG0775
CP083911.1_2563,2799927,2801336,COG1249
CP083911.1_2564,2801593,2804565,COG0178
CP083911.1_2565,2804912,2806432,COG0147
CP083911.1_2566,2806429,2807007,COG0512
CP083911.1_2567,2807027,2808082,COG0547
CP083911.1_2568,2808079,2808882,COG0134
CP083911.1_2570,2809910,2811100,COG0050
CP083911.1_2571,2811350,2811730,COG0690
CP083911.1_2572,2811733,2812311,COG0250
CP083911.1_2573,2812593,2813024,COG0080
CP083911.1_2574,2813026,2813727,COG0081
CP083911.1_2575,2814014,2814532,COG0244
CP083911.1_2576,2814576,2814953,COG0222
CP083911.1_2577,2815220,2819335,COG0085
CP083911.1_2578,2819360,2823550,COG0086
CP083911.1_2579,2823649,2824245,COG1704
CP083911.1_2580,2824278,2825303,COG0501
CP083911.1_2581,2825278,2826627,COG0144
CP083911.1_2582,2826575,2827276,29CX4
CP083911.1_2583,2827273,2829579,COG5000
CP083911.1_2584,2829595,2830365,COG2204
CP083911.1_2585,2830832,2831431,COG5340
CP083911.1_2586,2831428,2832354,COG2253
CP083911.1_2587,2832351,2832839,2DZRP
CP083911.1_2588,2832836,2833423,291MI
CP083911.1_2589,2833455,2833886,COG1961
CP083911.1_2590,2833883,2835241,COG1961
CP083911.1_2591,2835238,2835735,2E7ZA
CP083911.1_2593,2836163,2837215,COG1396
CP083911.1_2594,2837222,2837731,COG2405
CP083911.1_2596,2837929,2838321,COG2963
CP083911.1_2597,2838318,2838770,COG2801
CP083911.1_2598,2838756,2840252,COG3039
CP083911.1_2599,2840346,2840723,COG2801
CP083911.1_2600,2840683,2841738,COG3039
CP083911.1_2601,2842318,2842758,COG3464
CP083911.1_2602,2842909,2843805,COG1230
CP083911.1_2603,2844182,2844451,COG5001
CP083911.1_2604,2844651,2846033,COG0642
CP083911.1_2605,2846034,2846642,COG0745
CP083911.1_2606,2846727,2848217,COG3039
CP083911.1_2607,2848499,2850358,COG2132
CP083911.1_2608,2850355,2851299,COG3667
CP083911.1_2609,2851351,2851866,COG4454
CP083911.1_2610,2851891,2852373,COG3019
CP083911.1_2611,2852393,2852647,2DVDD
CP083911.1_2612,2852652,2855009,COG2217
CP083911.1_2613,2855504,2856535,COG3039
CP083911.1_2614,2856690,2856986,2CUBQ
CP083911.1_2615,2857522,2858421,COG2267
CP083911.1_2616,2858461,2859516,COG2207
CP083911.1_2617,2859718,2860509,COG0708
CP083911.1_2618,2860698,2861075,COG0048
CP083911.1_2619,2861260,2861730,COG0049
CP083911.1_2620,2861827,2863929,COG0480
CP083911.1_2621,2864044,2865234,COG0050
CP083911.1_2622,2865246,2865557,COG0051
CP083911.1_2623,2865725,2866384,COG0087
CP083911.1_2624,2866396,2867016,COG0088
CP083911.1_2625,2867013,2867327,COG0089
CP083911.1_2626,2867332,2868156,COG0090
CP083911.1_2627,2868168,2868443,COG0185
CP083911.1_2628,2868455,2868784,COG0091
CP083911.1_2629,2868801,2869658,COG0092
CP083911.1_2630,2869661,2870077,COG0197
CP083911.1_2631,2870092,2870289,COG0255
CP083911.1_2632,2870302,2870565,COG0186
CP083911.1_2633,2870663,2871187,COG0678
CP083911.1_2634,2871381,2871893,COG0454
CP083911.1_2635,2871938,2872219,COG3668
CP083911.1_2636,2872216,2872506,COG3905
CP083911.1_2637,2872599,2873336,COG3658
CP083911.1_2638,2873509,2873952,COG3909
CP083911.1_2639,2874072,2874581,COG0526
CP083911.1_2640,2874838,2875215,COG0784
CP083911.1_2641,2875232,2880640,COG0642
CP083911.1_2642,2880637,2881584,COG2199
CP083911.1_2643,2881596,2882036,COG0695
CP083911.1_2644,2882054,2882719,2EBNJ
CP083911.1_2645,2882728,2883174,COG2893
CP083911.1_2646,2883143,2883412,COG1925
CP083911.1_2647,2883409,2885136,COG1080
CP083911.1_2648,2885212,2885625,COG3744
CP083911.1_2649,2885607,2885837,COG4118
CP083911.1_2650,2886094,2886594,2DPZC
CP083911.1_2651,2886595,2886903,COG3668
CP083911.1_2652,2886900,2887169,COG3609
CP083911.1_2654,2887572,2888924,COG0174
CP083911.1_2655,2889082,2890281,COG1171
CP083911.1_2656,2890299,2891117,COG2013
CP083911.1_2657,2891187,2891663,COG1514
CP083911.1_2658,2891791,2892858,COG1236
CP083911.1_2659,2892855,2894669,COG1793
CP083911.1_2660,2894666,2897191,COG1201
CP083911.1_2661,2897203,2897940,COG1407
CP083911.1_2662,2897954,2898688,2DD05
CP083911.1_2663,2898682,2899518,COG0340
CP083911.1_2664,2899676,2902369,COG0550
CP083911.1_2665,2902417,2903073,COG0625
CP083911.1_2666,2903052,2904602,COG0642
CP083911.1_2667,2904622,2905296,COG0745
CP083911.1_2668,2905327,2905860,COG1846
CP083911.1_2669,2905992,2907065,COG0468
CP083911.1_2670,2907172,2907675,COG2137
CP083911.1_2671,2907821,2910022,COG0840
CP083911.1_2672,2910099,2911316,COG0436
CP083911.1_2673,2911313,2912764,COG0486
CP083911.1_2674,2912774,2914495,COG0706
CP083911.1_2675,2914492,2914818,COG0759
CP083911.1_2676,2914815,2915312,COG0594
CP083911.1_2677,2915323,2915457,COG0230
